"cod_uf","sigla_uf","nome_uf","regiao","ano","tipo_orgao_gestor","tem_plano","tem_conselho","tem_fundo","tem_lei_patrimonio","tem_cons_patrimonio","tem_lei_incentivo","gestor_sexo","gestor_cor_raca","gestor_escolaridade","cons_paritario","cons_competencia","pi_arte_cultura","pm_parceria_cultura","ir_gt_cultura","ir_patrimonio_afro","ir_patrimonio_quilombola","gestor_escolaridade_agrupada"
"11","RO","Rondônia","Norte",2012,"Setor Subordinado / Outros",NA,"Sim","Sim",NA,NA,NA,NA,NA,NA,NA,NA,NA,NA,NA,NA,NA,"Sem Informação"
"11","RO","Rondônia","Norte",2014,"Secretaria Conjunta","Não","Não","Sim","Sim",NA,NA,"Feminino",NA,"Ensino superior completo",NA,NA,NA,NA,NA,NA,NA,"Ensino Superior"
"11","RO","Rondônia","Norte",2018,"Secretaria Exclusiva / Fundação","Sim","Sim","Sim","Não","Não","Não","Masculino","Pardo","Ensino superior incompleto","Paritário","Deliberativo",NA,NA,NA,NA,NA,"Ensino Superior"
"11","RO","Rondônia","Norte",2021,"Secretaria Conjunta","Sim","Sim","Sim","Sim","Não","Não","Masculino","Preta","Especialização","Paritário","Deliberativo",NA,NA,NA,NA,NA,"Pós-Graduação"
"11","RO","Rondônia","Norte",2023,"Setor Subordinado / Outros",NA,NA,NA,NA,NA,NA,NA,NA,NA,NA,NA,"Não","Não",NA,NA,NA,"Sem Informação"
"11","RO","Rondônia","Norte",2024,"Setor Subordinado / Outros",NA,NA,NA,NA,NA,NA,NA,NA,NA,NA,NA,NA,NA,"Não","Não","Não","Sem Informação"
"12","AC","Acre","Norte",2012,"Setor Subordinado / Outros",NA,"Sim","Sim",NA,NA,NA,NA,NA,NA,NA,NA,NA,NA,NA,NA,NA,"Sem Informação"
"12","AC","Acre","Norte",2014,"Secretaria Exclusiva / Fundação","Não","Não","Sim","Sim",NA,NA,"Feminino",NA,"Pós-graduação",NA,NA,NA,NA,NA,NA,NA,"Pós-Graduação"
"12","AC","Acre","Norte",2018,"Secretaria Exclusiva / Fundação","Não","Sim","Sim","Sim","Sim","Sim","Feminino","Pardo","Especialização","Paritário","Deliberativo",NA,NA,NA,NA,NA,"Pós-Graduação"
"12","AC","Acre","Norte",2021,"Secretaria Exclusiva / Fundação","Não","Sim","Sim","Sim","Sim","Sim","Masculino","Parda","Ensino superior completo","Paritário","Deliberativo",NA,NA,NA,NA,NA,"Ensino Superior"
"12","AC","Acre","Norte",2023,"Setor Subordinado / Outros",NA,NA,NA,NA,NA,NA,NA,NA,NA,NA,NA,"Sim","Sim",NA,NA,NA,"Sem Informação"
"12","AC","Acre","Norte",2024,"Setor Subordinado / Outros",NA,NA,NA,NA,NA,NA,NA,NA,NA,NA,NA,NA,NA,"Não","Não","Não","Sem Informação"
"13","AM","Amazonas","Norte",2012,"Setor Subordinado / Outros",NA,"Sim","Sim",NA,NA,NA,NA,NA,NA,NA,NA,NA,NA,NA,NA,NA,"Sem Informação"
"13","AM","Amazonas","Norte",2014,"Secretaria Exclusiva / Fundação","Não","Não","Sim","Sim",NA,NA,"Masculino",NA,"Pós-graduação",NA,NA,NA,NA,NA,NA,NA,"Pós-Graduação"
"13","AM","Amazonas","Norte",2018,"Secretaria Exclusiva / Fundação","Não","Sim","Sim","Sim","Sim","Sim","Masculino","Branca","Especialização","Paritário","Consultivo",NA,NA,NA,NA,NA,"Pós-Graduação"
"13","AM","Amazonas","Norte",2021,"Secretaria Exclusiva / Fundação","Não","Sim","Sim","Sim","Sim","Sim","Masculino","Preta","Especialização","Paritário","Deliberativo",NA,NA,NA,NA,NA,"Pós-Graduação"
"13","AM","Amazonas","Norte",2023,"Setor Subordinado / Outros",NA,NA,NA,NA,NA,NA,NA,NA,NA,NA,NA,"Sim","Não",NA,NA,NA,"Sem Informação"
"13","AM","Amazonas","Norte",2024,"Setor Subordinado / Outros",NA,NA,NA,NA,NA,NA,NA,NA,NA,NA,NA,NA,NA,"Não","Não","Não","Sem Informação"
"14","RR","Roraima","Norte",2012,"Setor Subordinado / Outros",NA,"Sim","Sim",NA,NA,NA,NA,NA,NA,NA,NA,NA,NA,NA,NA,NA,"Sem Informação"
"14","RR","Roraima","Norte",2014,"Secretaria Exclusiva / Fundação","Não","Não","Não","Sim",NA,NA,"Masculino",NA,"Ensino superior completo",NA,NA,NA,NA,NA,NA,NA,"Ensino Superior"
"14","RR","Roraima","Norte",2018,"Secretaria Exclusiva / Fundação","Não","Sim","Sim","Sim","Não","Não","Feminino","Pardo","Ensino superior completo","Paritário","Deliberativo",NA,NA,NA,NA,NA,"Ensino Superior"
"14","RR","Roraima","Norte",2021,"Secretaria Exclusiva / Fundação","Não","Sim","Sim","Sim","Não","Não","Masculino","Parda","Ensino superior completo","Não Paritário","Deliberativo",NA,NA,NA,NA,NA,"Ensino Superior"
"14","RR","Roraima","Norte",2023,"Setor Subordinado / Outros",NA,NA,NA,NA,NA,NA,NA,NA,NA,NA,NA,"Sim","Não",NA,NA,NA,"Sem Informação"
"14","RR","Roraima","Norte",2024,"Setor Subordinado / Outros",NA,NA,NA,NA,NA,NA,NA,NA,NA,NA,NA,NA,NA,"Não","Não","Não","Sem Informação"
"15","PA","Pará","Norte",2012,"Setor Subordinado / Outros",NA,"Sim","Sim",NA,NA,NA,NA,NA,NA,NA,NA,NA,NA,NA,NA,NA,"Sem Informação"
"15","PA","Pará","Norte",2014,"Secretaria Exclusiva / Fundação","Não","Não","Sim","Sim",NA,NA,"Masculino",NA,"Pós-graduação",NA,NA,NA,NA,NA,NA,NA,"Pós-Graduação"
"15","PA","Pará","Norte",2018,"Secretaria Exclusiva / Fundação","Não","Sim","Sim","Sim","Não","Não","Masculino","Branca","Especialização","Não Paritário","Consultivo",NA,NA,NA,NA,NA,"Pós-Graduação"
"15","PA","Pará","Norte",2021,"Secretaria Exclusiva / Fundação","Não","Sim","Sim","Sim","Não","Não","Feminino","Parda","Ensino superior completo","Paritário","Deliberativo",NA,NA,NA,NA,NA,"Ensino Superior"
"15","PA","Pará","Norte",2023,"Setor Subordinado / Outros",NA,NA,NA,NA,NA,NA,NA,NA,NA,NA,NA,"Não","Sim",NA,NA,NA,"Sem Informação"
"15","PA","Pará","Norte",2024,"Setor Subordinado / Outros",NA,NA,NA,NA,NA,NA,NA,NA,NA,NA,NA,NA,NA,"Não","Não","Não","Sem Informação"
"16","AP","Amapá","Norte",2012,"Setor Subordinado / Outros",NA,"Sim","Sim",NA,NA,NA,NA,NA,NA,NA,NA,NA,NA,NA,NA,NA,"Sem Informação"
"16","AP","Amapá","Norte",2014,"Secretaria Exclusiva / Fundação","Não","Não","Não","Não",NA,NA,"Masculino",NA,"Ensino superior completo",NA,NA,NA,NA,NA,NA,NA,"Ensino Superior"
"16","AP","Amapá","Norte",2018,"Secretaria Exclusiva / Fundação","Sim","Sim","Não","Sim","Não","Não","Masculino","Pardo","Ensino superior completo","Paritário","Deliberativo",NA,NA,NA,NA,NA,"Ensino Superior"
"16","AP","Amapá","Norte",2021,"Secretaria Exclusiva / Fundação","Sim","Sim","Sim","Sim","Não","Não","Masculino","Parda","Ensino superior completo","Paritário","Deliberativo",NA,NA,NA,NA,NA,"Ensino Superior"
"16","AP","Amapá","Norte",2023,"Setor Subordinado / Outros",NA,NA,NA,NA,NA,NA,NA,NA,NA,NA,NA,"Não","Não",NA,NA,NA,"Sem Informação"
"16","AP","Amapá","Norte",2024,"Setor Subordinado / Outros",NA,NA,NA,NA,NA,NA,NA,NA,NA,NA,NA,NA,NA,"Sim","Sim","Sim","Sem Informação"
"17","TO","Tocantins","Norte",2012,"Setor Subordinado / Outros",NA,"Sim","Sim",NA,NA,NA,NA,NA,NA,NA,NA,NA,NA,NA,NA,NA,"Sem Informação"
"17","TO","Tocantins","Norte",2014,"Secretaria Exclusiva / Fundação","Não","Não","Sim","Não",NA,NA,"Feminino",NA,"Pós-graduação",NA,NA,NA,NA,NA,NA,NA,"Pós-Graduação"
"17","TO","Tocantins","Norte",2018,"Setor Subordinado / Outros","Não","Sim","Sim","Sim","Não","Não","Masculino","Branca","Ensino superior completo","Paritário","Deliberativo",NA,NA,NA,NA,NA,"Ensino Superior"
"17","TO","Tocantins","Norte",2021,"Secretaria Exclusiva / Fundação","Sim","Sim","Sim","Sim","Não","Não","Masculino","Branca","Ensino superior completo","Paritário","Deliberativo",NA,NA,NA,NA,NA,"Ensino Superior"
"17","TO","Tocantins","Norte",2023,"Setor Subordinado / Outros",NA,NA,NA,NA,NA,NA,NA,NA,NA,NA,NA,"Não","Não",NA,NA,NA,"Sem Informação"
"17","TO","Tocantins","Norte",2024,"Setor Subordinado / Outros",NA,NA,NA,NA,NA,NA,NA,NA,NA,NA,NA,NA,NA,"Sim","Sim","Sim","Sem Informação"
"21","MA","Maranhão","Nordeste",2012,"Setor Subordinado / Outros",NA,"Sim","Sim",NA,NA,NA,NA,NA,NA,NA,NA,NA,NA,NA,NA,NA,"Sem Informação"
"21","MA","Maranhão","Nordeste",2014,"Secretaria Exclusiva / Fundação","Não","Não","Sim","Sim",NA,NA,"Feminino",NA,"Pós-graduação",NA,NA,NA,NA,NA,NA,NA,"Pós-Graduação"
"21","MA","Maranhão","Nordeste",2018,"Secretaria Exclusiva / Fundação","Sim","Sim","Sim","Sim","Sim","Sim","Masculino","Branca","Ensino superior completo","Paritário","Deliberativo",NA,NA,NA,NA,NA,"Ensino Superior"
"21","MA","Maranhão","Nordeste",2021,"Secretaria Exclusiva / Fundação","Sim","Sim","Sim","Sim","Não","Não","Masculino","Parda","Especialização","Paritário","Deliberativo",NA,NA,NA,NA,NA,"Pós-Graduação"
"21","MA","Maranhão","Nordeste",2023,"Setor Subordinado / Outros",NA,NA,NA,NA,NA,NA,NA,NA,NA,NA,NA,"Não","Não",NA,NA,NA,"Sem Informação"
"21","MA","Maranhão","Nordeste",2024,"Setor Subordinado / Outros",NA,NA,NA,NA,NA,NA,NA,NA,NA,NA,NA,NA,NA,"Não","Sim","Não","Sem Informação"
"22","PI","Piauí","Nordeste",2012,"Setor Subordinado / Outros",NA,"Sim","Não",NA,NA,NA,NA,NA,NA,NA,NA,NA,NA,NA,NA,NA,"Sem Informação"
"22","PI","Piauí","Nordeste",2014,"Secretaria Exclusiva / Fundação","Não","Não","Não","Sim",NA,NA,"Masculino",NA,"Ensino superior completo",NA,NA,NA,NA,NA,NA,NA,"Ensino Superior"
"22","PI","Piauí","Nordeste",2018,"Secretaria Exclusiva / Fundação","Não","Sim","Sim","Sim","Não","Não","Feminino","Pardo","Ensino superior completo","Paritário","Consultivo",NA,NA,NA,NA,NA,"Ensino Superior"
"22","PI","Piauí","Nordeste",2021,"Secretaria Exclusiva / Fundação","Não","Sim","Não","Sim","Sim","Sim","Masculino","Branca","Ensino superior completo","Paritário","Deliberativo",NA,NA,NA,NA,NA,"Ensino Superior"
"22","PI","Piauí","Nordeste",2023,"Setor Subordinado / Outros",NA,NA,NA,NA,NA,NA,NA,NA,NA,NA,NA,"Sim","Sim",NA,NA,NA,"Sem Informação"
"22","PI","Piauí","Nordeste",2024,"Setor Subordinado / Outros",NA,NA,NA,NA,NA,NA,NA,NA,NA,NA,NA,NA,NA,"Sim","Não","Sim","Sem Informação"
"23","CE","Ceará","Nordeste",2012,"Setor Subordinado / Outros",NA,"Sim","Não",NA,NA,NA,NA,NA,NA,NA,NA,NA,NA,NA,NA,NA,"Sem Informação"
"23","CE","Ceará","Nordeste",2014,"Secretaria Exclusiva / Fundação","Não","Sim","Sim","Sim",NA,NA,"Masculino",NA,"Ensino superior completo",NA,NA,NA,NA,NA,NA,NA,"Ensino Superior"
"23","CE","Ceará","Nordeste",2018,"Secretaria Exclusiva / Fundação","Sim","Sim","Sim","Sim","Sim","Sim","Masculino","Pardo","Doutorado","Não Paritário","Deliberativo",NA,NA,NA,NA,NA,"Pós-Graduação"
"23","CE","Ceará","Nordeste",2021,"Secretaria Exclusiva / Fundação","Sim","Sim","Sim","Sim","Sim","Não","Masculino","Branca","Doutorado","Não Paritário","Consultivo",NA,NA,NA,NA,NA,"Pós-Graduação"
"23","CE","Ceará","Nordeste",2023,"Setor Subordinado / Outros",NA,NA,NA,NA,NA,NA,NA,NA,NA,NA,NA,"Sim","Não",NA,NA,NA,"Sem Informação"
"23","CE","Ceará","Nordeste",2024,"Setor Subordinado / Outros",NA,NA,NA,NA,NA,NA,NA,NA,NA,NA,NA,NA,NA,"Não","Não","Não","Sem Informação"
"24","RN","Rio Grande do Norte","Nordeste",2012,"Setor Subordinado / Outros",NA,"Sim","Sim",NA,NA,NA,NA,NA,NA,NA,NA,NA,NA,NA,NA,NA,"Sem Informação"
"24","RN","Rio Grande do Norte","Nordeste",2014,"Secretaria Exclusiva / Fundação","Não","Não","Sim","Sim",NA,NA,"Feminino",NA,"Ensino superior completo",NA,NA,NA,NA,NA,NA,NA,"Ensino Superior"
"24","RN","Rio Grande do Norte","Nordeste",2018,"Secretaria Exclusiva / Fundação","Não","Sim","Sim","Sim","Não","Não","Feminino","Branca","Mestrado","Não Paritário","Deliberativo",NA,NA,NA,NA,NA,"Pós-Graduação"
"24","RN","Rio Grande do Norte","Nordeste",2021,"Secretaria Exclusiva / Fundação","Não","Sim","Sim","Sim","Não","Não","Masculino","Parda","Especialização","Não Paritário","Deliberativo",NA,NA,NA,NA,NA,"Pós-Graduação"
"24","RN","Rio Grande do Norte","Nordeste",2023,"Setor Subordinado / Outros",NA,NA,NA,NA,NA,NA,NA,NA,NA,NA,NA,"Não","Não",NA,NA,NA,"Sem Informação"
"24","RN","Rio Grande do Norte","Nordeste",2024,"Setor Subordinado / Outros",NA,NA,NA,NA,NA,NA,NA,NA,NA,NA,NA,NA,NA,"Não","Não","Não","Sem Informação"
"25","PB","Paraíba","Nordeste",2012,"Setor Subordinado / Outros",NA,"Sim","Sim",NA,NA,NA,NA,NA,NA,NA,NA,NA,NA,NA,NA,NA,"Sem Informação"
"25","PB","Paraíba","Nordeste",2014,"Secretaria Exclusiva / Fundação","Não","Sim","Sim","Sim",NA,NA,"Masculino",NA,"Ensino superior completo",NA,NA,NA,NA,NA,NA,NA,"Ensino Superior"
"25","PB","Paraíba","Nordeste",2018,"Secretaria Exclusiva / Fundação","Não","Sim","Não","Sim","Sim","Sim","Masculino","Branca","Ensino médio (2º Grau) completo","Paritário","Deliberativo",NA,NA,NA,NA,NA,"Ensino Médio"
"25","PB","Paraíba","Nordeste",2021,"Secretaria Exclusiva / Fundação","Sim","Sim","Sim","Sim","Sim","Sim","Masculino","Branca","Mestrado","Paritário","Deliberativo",NA,NA,NA,NA,NA,"Pós-Graduação"
"25","PB","Paraíba","Nordeste",2023,"Setor Subordinado / Outros",NA,NA,NA,NA,NA,NA,NA,NA,NA,NA,NA,"Sim","Não",NA,NA,NA,"Sem Informação"
"25","PB","Paraíba","Nordeste",2024,"Setor Subordinado / Outros",NA,NA,NA,NA,NA,NA,NA,NA,NA,NA,NA,NA,NA,"Sim","Não","Não","Sem Informação"
"26","PE","Pernambuco","Nordeste",2012,"Setor Subordinado / Outros",NA,"Sim","Não",NA,NA,NA,NA,NA,NA,NA,NA,NA,NA,NA,NA,NA,"Sem Informação"
"26","PE","Pernambuco","Nordeste",2014,"Secretaria Exclusiva / Fundação","Não","Não","Sim","Sim",NA,NA,"Masculino",NA,"Ensino superior completo",NA,NA,NA,NA,NA,NA,NA,"Ensino Superior"
"26","PE","Pernambuco","Nordeste",2018,"Secretaria Exclusiva / Fundação","Sim","Sim","Sim","Sim","Sim","Sim","Masculino","Pardo","Ensino superior completo","Paritário","Deliberativo",NA,NA,NA,NA,NA,"Ensino Superior"
"26","PE","Pernambuco","Nordeste",2021,"Secretaria Exclusiva / Fundação","Sim","Sim","Sim","Sim","Sim","Sim","Masculino","Branca","Especialização","Paritário","Deliberativo",NA,NA,NA,NA,NA,"Pós-Graduação"
"26","PE","Pernambuco","Nordeste",2023,"Setor Subordinado / Outros",NA,NA,NA,NA,NA,NA,NA,NA,NA,NA,NA,"Sim","Não",NA,NA,NA,"Sem Informação"
"26","PE","Pernambuco","Nordeste",2024,"Setor Subordinado / Outros",NA,NA,NA,NA,NA,NA,NA,NA,NA,NA,NA,NA,NA,"Sim","Não","Não","Sem Informação"
"27","AL","Alagoas","Nordeste",2012,"Setor Subordinado / Outros",NA,"Sim","Sim",NA,NA,NA,NA,NA,NA,NA,NA,NA,NA,NA,NA,NA,"Sem Informação"
"27","AL","Alagoas","Nordeste",2014,"Secretaria Exclusiva / Fundação","Sim","Não","Sim","Sim",NA,NA,"Masculino",NA,"Pós-graduação",NA,NA,NA,NA,NA,NA,NA,"Pós-Graduação"
"27","AL","Alagoas","Nordeste",2018,"Secretaria Exclusiva / Fundação","Sim","Sim","Sim","Sim","Não","Não","Feminino","Branca","Ensino superior completo","Paritário","Deliberativo",NA,NA,NA,NA,NA,"Ensino Superior"
"27","AL","Alagoas","Nordeste",2021,"Secretaria Exclusiva / Fundação","Sim","Sim","Sim","Sim","Não","Não","Feminino","Branca","Especialização","Não Paritário","Deliberativo",NA,NA,NA,NA,NA,"Pós-Graduação"
"27","AL","Alagoas","Nordeste",2023,"Setor Subordinado / Outros",NA,NA,NA,NA,NA,NA,NA,NA,NA,NA,NA,"Sim","Não",NA,NA,NA,"Sem Informação"
"27","AL","Alagoas","Nordeste",2024,"Setor Subordinado / Outros",NA,NA,NA,NA,NA,NA,NA,NA,NA,NA,NA,NA,NA,"Sim","Sim","Não","Sem Informação"
"28","SE","Sergipe","Nordeste",2012,"Setor Subordinado / Outros",NA,"Sim","Sim",NA,NA,NA,NA,NA,NA,NA,NA,NA,NA,NA,NA,NA,"Sem Informação"
"28","SE","Sergipe","Nordeste",2014,"Secretaria Exclusiva / Fundação","Não","Não","Sim","Sim",NA,NA,"Feminino",NA,"Ensino superior completo",NA,NA,NA,NA,NA,NA,NA,"Ensino Superior"
"28","SE","Sergipe","Nordeste",2018,"Secretaria Exclusiva / Fundação","Não","Sim","Sim","Sim","Não","Não","Masculino","Branca","Ensino superior completo","Não Paritário","Consultivo",NA,NA,NA,NA,NA,"Ensino Superior"
"28","SE","Sergipe","Nordeste",2021,"Secretaria Exclusiva / Fundação","Não","Sim","Sim","Sim","Não","Não","Feminino","Preta","Ensino superior completo","Paritário","Deliberativo",NA,NA,NA,NA,NA,"Ensino Superior"
"28","SE","Sergipe","Nordeste",2023,"Setor Subordinado / Outros",NA,NA,NA,NA,NA,NA,NA,NA,NA,NA,NA,"Sim","Não",NA,NA,NA,"Sem Informação"
"28","SE","Sergipe","Nordeste",2024,"Setor Subordinado / Outros",NA,NA,NA,NA,NA,NA,NA,NA,NA,NA,NA,NA,NA,"Não","Não","Não","Sem Informação"
"29","BA","Bahia","Nordeste",2012,"Setor Subordinado / Outros",NA,"Sim","Sim",NA,NA,NA,NA,NA,NA,NA,NA,NA,NA,NA,NA,NA,"Sem Informação"
"29","BA","Bahia","Nordeste",2014,"Secretaria Exclusiva / Fundação","Não","Não","Sim","Sim",NA,NA,"Masculino",NA,"Pós-graduação",NA,NA,NA,NA,NA,NA,NA,"Pós-Graduação"
"29","BA","Bahia","Nordeste",2018,"Secretaria Exclusiva / Fundação","Sim","Sim","Sim","Sim","Não","Não","Feminino","Preto","Especialização","Não Paritário","Deliberativo",NA,NA,NA,NA,NA,"Pós-Graduação"
"29","BA","Bahia","Nordeste",2021,"Secretaria Exclusiva / Fundação","Sim","Sim","Sim","Sim","Não","Não","Feminino","Preta","Especialização","Não Paritário","Deliberativo",NA,NA,NA,NA,NA,"Pós-Graduação"
"29","BA","Bahia","Nordeste",2023,"Setor Subordinado / Outros",NA,NA,NA,NA,NA,NA,NA,NA,NA,NA,NA,"Não","Sim",NA,NA,NA,"Sem Informação"
"29","BA","Bahia","Nordeste",2024,"Setor Subordinado / Outros",NA,NA,NA,NA,NA,NA,NA,NA,NA,NA,NA,NA,NA,"Não","Não","Sim","Sem Informação"
"31","MG","Minas Gerais","Sudeste",2012,"Setor Subordinado / Outros",NA,"Sim","Sim",NA,NA,NA,NA,NA,NA,NA,NA,NA,NA,NA,NA,NA,"Sem Informação"
"31","MG","Minas Gerais","Sudeste",2014,"Secretaria Exclusiva / Fundação","Não","Não","Sim","Sim",NA,NA,"Feminino",NA,"Pós-graduação",NA,NA,NA,NA,NA,NA,NA,"Pós-Graduação"
"31","MG","Minas Gerais","Sudeste",2018,"Secretaria Exclusiva / Fundação","Sim","Sim","Sim","Sim","Sim","Sim","Masculino","Branca","Especialização","Paritário","Deliberativo",NA,NA,NA,NA,NA,"Pós-Graduação"
"31","MG","Minas Gerais","Sudeste",2021,"Secretaria Conjunta","Sim","Sim","Sim","Sim","Sim","Sim","Masculino","Branca","Mestrado","Paritário","Deliberativo",NA,NA,NA,NA,NA,"Pós-Graduação"
"31","MG","Minas Gerais","Sudeste",2023,"Setor Subordinado / Outros",NA,NA,NA,NA,NA,NA,NA,NA,NA,NA,NA,"Sim","Não",NA,NA,NA,"Sem Informação"
"31","MG","Minas Gerais","Sudeste",2024,"Setor Subordinado / Outros",NA,NA,NA,NA,NA,NA,NA,NA,NA,NA,NA,NA,NA,"Não","Não","Não","Sem Informação"
"32","ES","Espírito Santo","Sudeste",2012,"Setor Subordinado / Outros",NA,"Sim","Sim",NA,NA,NA,NA,NA,NA,NA,NA,NA,NA,NA,NA,NA,"Sem Informação"
"32","ES","Espírito Santo","Sudeste",2014,"Secretaria Exclusiva / Fundação","Não","Não","Sim","Sim",NA,NA,"Masculino",NA,"Ensino superior completo",NA,NA,NA,NA,NA,NA,NA,"Ensino Superior"
"32","ES","Espírito Santo","Sudeste",2018,"Secretaria Exclusiva / Fundação","Sim","Sim","Sim","Sim","Não","Não","Masculino","Pardo","Doutorado","Não Paritário","Deliberativo",NA,NA,NA,NA,NA,"Pós-Graduação"
"32","ES","Espírito Santo","Sudeste",2021,"Secretaria Exclusiva / Fundação","Sim","Sim","Sim","Sim","Não","Não","Masculino","Branca","Ensino superior completo","Não Paritário","Deliberativo",NA,NA,NA,NA,NA,"Ensino Superior"
"32","ES","Espírito Santo","Sudeste",2023,"Setor Subordinado / Outros",NA,NA,NA,NA,NA,NA,NA,NA,NA,NA,NA,"Sim","Não",NA,NA,NA,"Sem Informação"
"32","ES","Espírito Santo","Sudeste",2024,"Setor Subordinado / Outros",NA,NA,NA,NA,NA,NA,NA,NA,NA,NA,NA,NA,NA,"Não","Não","Não","Sem Informação"
"33","RJ","Rio de Janeiro","Sudeste",2012,"Setor Subordinado / Outros",NA,"Sim","Não",NA,NA,NA,NA,NA,NA,NA,NA,NA,NA,NA,NA,NA,"Sem Informação"
"33","RJ","Rio de Janeiro","Sudeste",2014,"Secretaria Exclusiva / Fundação","Não","Sim","Sim","Sim",NA,NA,"Feminino",NA,"Pós-graduação",NA,NA,NA,NA,NA,NA,NA,"Pós-Graduação"
"33","RJ","Rio de Janeiro","Sudeste",2018,"Secretaria Exclusiva / Fundação","Sim","Sim","Sim","Sim","Sim","Sim","Masculino","Branca","Especialização","Paritário","Deliberativo",NA,NA,NA,NA,NA,"Pós-Graduação"
"33","RJ","Rio de Janeiro","Sudeste",2021,"Secretaria Exclusiva / Fundação","Sim","Sim","Sim","Sim","Sim","Não","Feminino","Branca","Especialização","Paritário","Deliberativo",NA,NA,NA,NA,NA,"Pós-Graduação"
"33","RJ","Rio de Janeiro","Sudeste",2023,"Setor Subordinado / Outros",NA,NA,NA,NA,NA,NA,NA,NA,NA,NA,NA,"Não","Não",NA,NA,NA,"Sem Informação"
"33","RJ","Rio de Janeiro","Sudeste",2024,"Setor Subordinado / Outros",NA,NA,NA,NA,NA,NA,NA,NA,NA,NA,NA,NA,NA,"Sim","Sim","Não","Sem Informação"
"35","SP","São Paulo","Sudeste",2012,"Setor Subordinado / Outros",NA,"Sim","Não",NA,NA,NA,NA,NA,NA,NA,NA,NA,NA,NA,NA,NA,"Sem Informação"
"35","SP","São Paulo","Sudeste",2014,"Secretaria Exclusiva / Fundação","Não","Não","Sim","Sim",NA,NA,"Masculino",NA,"Pós-graduação",NA,NA,NA,NA,NA,NA,NA,"Pós-Graduação"
"35","SP","São Paulo","Sudeste",2018,"Secretaria Exclusiva / Fundação","Não","Sim","Sim","Sim","Sim","Sim","Masculino","Branca","Ensino superior completo","Paritário","Deliberativo",NA,NA,NA,NA,NA,"Ensino Superior"
"35","SP","São Paulo","Sudeste",2021,"Secretaria Conjunta","Não","Sim","Sim","Sim","Sim","Sim","Masculino","Branca","Ensino superior completo","Paritário","Consultivo",NA,NA,NA,NA,NA,"Ensino Superior"
"35","SP","São Paulo","Sudeste",2023,"Setor Subordinado / Outros",NA,NA,NA,NA,NA,NA,NA,NA,NA,NA,NA,"Não","Não",NA,NA,NA,"Sem Informação"
"35","SP","São Paulo","Sudeste",2024,"Setor Subordinado / Outros",NA,NA,NA,NA,NA,NA,NA,NA,NA,NA,NA,NA,NA,"Não","Não","Não","Sem Informação"
"41","PR","Paraná","Sul",2012,"Setor Subordinado / Outros",NA,"Sim","Sim",NA,NA,NA,NA,NA,NA,NA,NA,NA,NA,NA,NA,NA,"Sem Informação"
"41","PR","Paraná","Sul",2014,"Secretaria Exclusiva / Fundação","Não","Não","Sim","Sim",NA,NA,"Masculino",NA,"Pós-graduação",NA,NA,NA,NA,NA,NA,NA,"Pós-Graduação"
"41","PR","Paraná","Sul",2018,"Secretaria Exclusiva / Fundação","Sim","Sim","Sim","Sim","Sim","Sim","Masculino","Branca","Ensino superior incompleto","Paritário","Deliberativo",NA,NA,NA,NA,NA,"Ensino Superior"
"41","PR","Paraná","Sul",2021,"Secretaria Exclusiva / Fundação","Sim","Sim","Sim","Sim","Sim","Sim","Masculino","Branca","Especialização","Paritário","Deliberativo",NA,NA,NA,NA,NA,"Pós-Graduação"
"41","PR","Paraná","Sul",2023,"Setor Subordinado / Outros",NA,NA,NA,NA,NA,NA,NA,NA,NA,NA,NA,"Sim","Não",NA,NA,NA,"Sem Informação"
"41","PR","Paraná","Sul",2024,"Setor Subordinado / Outros",NA,NA,NA,NA,NA,NA,NA,NA,NA,NA,NA,NA,NA,"Não","Não","Não","Sem Informação"
"42","SC","Santa Catarina","Sul",2012,"Setor Subordinado / Outros",NA,"Sim","Sim",NA,NA,NA,NA,NA,NA,NA,NA,NA,NA,NA,NA,NA,"Sem Informação"
"42","SC","Santa Catarina","Sul",2014,"Secretaria Conjunta","Não","Não","Sim","Sim",NA,NA,"Masculino",NA,"Pós-graduação",NA,NA,NA,NA,NA,NA,NA,"Pós-Graduação"
"42","SC","Santa Catarina","Sul",2018,"Secretaria Exclusiva / Fundação","Sim","Sim","Sim","Sim","Não","Não","Masculino","Branca","Ensino médio (2º Grau) completo","Paritário","Deliberativo",NA,NA,NA,NA,NA,"Ensino Médio"
"42","SC","Santa Catarina","Sul",2021,"Secretaria Exclusiva / Fundação","Sim","Sim","Não","Sim","Não","Não","Masculino","Branca","Ensino superior completo","Paritário","Deliberativo",NA,NA,NA,NA,NA,"Ensino Superior"
"42","SC","Santa Catarina","Sul",2023,"Setor Subordinado / Outros",NA,NA,NA,NA,NA,NA,NA,NA,NA,NA,NA,"Não","Não",NA,NA,NA,"Sem Informação"
"42","SC","Santa Catarina","Sul",2024,"Setor Subordinado / Outros",NA,NA,NA,NA,NA,NA,NA,NA,NA,NA,NA,NA,NA,"Não","Não","Não","Sem Informação"
"43","RS","Rio Grande do Sul","Sul",2012,"Setor Subordinado / Outros",NA,"Sim","Sim",NA,NA,NA,NA,NA,NA,NA,NA,NA,NA,NA,NA,NA,"Sem Informação"
"43","RS","Rio Grande do Sul","Sul",2014,"Secretaria Exclusiva / Fundação","Não","Não","Sim","Sim",NA,NA,"Masculino",NA,"Pós-graduação",NA,NA,NA,NA,NA,NA,NA,"Pós-Graduação"
"43","RS","Rio Grande do Sul","Sul",2018,"Secretaria Conjunta","Sim","Sim","Sim","Sim","Não","Não","Masculino","Branca","Ensino superior completo","Não Paritário","Deliberativo",NA,NA,NA,NA,NA,"Ensino Superior"
"43","RS","Rio Grande do Sul","Sul",2021,"Secretaria Exclusiva / Fundação","Sim","Sim","Sim","Sim","Não","Não","Feminino","Branca","Ensino superior incompleto","Não Paritário","Deliberativo",NA,NA,NA,NA,NA,"Ensino Superior"
"43","RS","Rio Grande do Sul","Sul",2023,"Setor Subordinado / Outros",NA,NA,NA,NA,NA,NA,NA,NA,NA,NA,NA,"Sim","Não",NA,NA,NA,"Sem Informação"
"43","RS","Rio Grande do Sul","Sul",2024,"Setor Subordinado / Outros",NA,NA,NA,NA,NA,NA,NA,NA,NA,NA,NA,NA,NA,"Não","Não","Não","Sem Informação"
"50","MS","Mato Grosso do Sul","Centro-Oeste",2012,"Setor Subordinado / Outros",NA,"Sim","Sim",NA,NA,NA,NA,NA,NA,NA,NA,NA,NA,NA,NA,NA,"Sem Informação"
"50","MS","Mato Grosso do Sul","Centro-Oeste",2014,"Secretaria Exclusiva / Fundação","Não","Não","Sim","Sim",NA,NA,"Masculino",NA,"Pós-graduação",NA,NA,NA,NA,NA,NA,NA,"Pós-Graduação"
"50","MS","Mato Grosso do Sul","Centro-Oeste",2018,"Secretaria Conjunta","Sim","Sim","Sim","Sim","Não","Não","Masculino","Branca","Ensino superior completo","Paritário","Deliberativo",NA,NA,NA,NA,NA,"Ensino Superior"
"50","MS","Mato Grosso do Sul","Centro-Oeste",2021,"Secretaria Exclusiva / Fundação","Sim","Sim","Sim","Sim","Não","Não","Masculino","Parda","Ensino médio (2º Grau) completo","Paritário","Normativo / Fiscalizador",NA,NA,NA,NA,NA,"Ensino Médio"
"50","MS","Mato Grosso do Sul","Centro-Oeste",2023,"Setor Subordinado / Outros",NA,NA,NA,NA,NA,NA,NA,NA,NA,NA,NA,"Não","Não",NA,NA,NA,"Sem Informação"
"50","MS","Mato Grosso do Sul","Centro-Oeste",2024,"Setor Subordinado / Outros",NA,NA,NA,NA,NA,NA,NA,NA,NA,NA,NA,NA,NA,"Sim","Não","Não","Sem Informação"
"51","MT","Mato Grosso","Centro-Oeste",2012,"Setor Subordinado / Outros",NA,"Sim","Sim",NA,NA,NA,NA,NA,NA,NA,NA,NA,NA,NA,NA,NA,"Sem Informação"
"51","MT","Mato Grosso","Centro-Oeste",2014,"Secretaria Exclusiva / Fundação","Sim","Não","Sim","Sim",NA,NA,"Masculino",NA,"Ensino superior completo",NA,NA,NA,NA,NA,NA,NA,"Ensino Superior"
"51","MT","Mato Grosso","Centro-Oeste",2018,"Secretaria Exclusiva / Fundação","Sim","Sim","Sim","Sim","Não","Não","Masculino","Branca","Especialização","Paritário","Deliberativo",NA,NA,NA,NA,NA,"Pós-Graduação"
"51","MT","Mato Grosso","Centro-Oeste",2021,"Secretaria Conjunta","Sim","Sim","Sim","Sim","Não","Não","Masculino","Branca","Ensino superior completo","Paritário","Consultivo",NA,NA,NA,NA,NA,"Ensino Superior"
"51","MT","Mato Grosso","Centro-Oeste",2023,"Setor Subordinado / Outros",NA,NA,NA,NA,NA,NA,NA,NA,NA,NA,NA,"Não","Não",NA,NA,NA,"Sem Informação"
"51","MT","Mato Grosso","Centro-Oeste",2024,"Setor Subordinado / Outros",NA,NA,NA,NA,NA,NA,NA,NA,NA,NA,NA,NA,NA,"Não","Não","Não","Sem Informação"
"52","GO","Goiás","Centro-Oeste",2012,"Setor Subordinado / Outros",NA,"Sim","Sim",NA,NA,NA,NA,NA,NA,NA,NA,NA,NA,NA,NA,NA,"Sem Informação"
"52","GO","Goiás","Centro-Oeste",2014,"Secretaria Exclusiva / Fundação","Não","Não","Sim","Sim",NA,NA,"Masculino",NA,"Pós-graduação",NA,NA,NA,NA,NA,NA,NA,"Pós-Graduação"
"52","GO","Goiás","Centro-Oeste",2018,"Secretaria Conjunta","Sim","Sim","Sim","Sim","Não","Não","Masculino","Pardo","Mestrado","Paritário","Deliberativo",NA,NA,NA,NA,NA,"Pós-Graduação"
"52","GO","Goiás","Centro-Oeste",2021,"Secretaria Exclusiva / Fundação","Não","Sim","Sim","Sim","Não","Não","Masculino","Branca","Ensino superior completo","Paritário","Consultivo",NA,NA,NA,NA,NA,"Ensino Superior"
"52","GO","Goiás","Centro-Oeste",2023,"Setor Subordinado / Outros",NA,NA,NA,NA,NA,NA,NA,NA,NA,NA,NA,"Sim","Sim",NA,NA,NA,"Sem Informação"
"52","GO","Goiás","Centro-Oeste",2024,"Setor Subordinado / Outros",NA,NA,NA,NA,NA,NA,NA,NA,NA,NA,NA,NA,NA,"Sim","Sim","Sim","Sem Informação"
"53","DF","Distrito Federal","Centro-Oeste",2012,"Setor Subordinado / Outros",NA,"Sim","Sim",NA,NA,NA,NA,NA,NA,NA,NA,NA,NA,NA,NA,NA,"Sem Informação"
"53","DF","Distrito Federal","Centro-Oeste",2014,"Secretaria Exclusiva / Fundação","Não","Não","Sim","Sim",NA,NA,"Masculino",NA,"Ensino médio completo",NA,NA,NA,NA,NA,NA,NA,"Ensino Médio"
"53","DF","Distrito Federal","Centro-Oeste",2018,"Secretaria Exclusiva / Fundação","Sim","Sim","Sim","Sim","Sim","Não","Masculino","Branca","Ensino médio (2º Grau) completo","Paritário","Deliberativo",NA,NA,NA,NA,NA,"Ensino Médio"
"53","DF","Distrito Federal","Centro-Oeste",2021,"Secretaria Exclusiva / Fundação","Sim","Sim","Sim","Sim","Sim","Sim","Masculino","Branca","Ensino superior completo","Paritário","Deliberativo",NA,NA,NA,NA,NA,"Ensino Superior"
"53","DF","Distrito Federal","Centro-Oeste",2023,"Setor Subordinado / Outros",NA,NA,NA,NA,NA,NA,NA,NA,NA,NA,NA,"Sim","Sim",NA,NA,NA,"Sem Informação"
"53","DF","Distrito Federal","Centro-Oeste",2024,"Setor Subordinado / Outros",NA,NA,NA,NA,NA,NA,NA,NA,NA,NA,NA,NA,NA,"Sim","Sim","Sim","Sem Informação"
