"exercicio";"uf";"origem";"valor_nominal_final";"valor_real_final"
"2019";"AC";"Recurso Próprio (Estadual)";"18089020,41";"24120620,8042889759"
"2019";"AL";"Recurso Próprio (Estadual)";"20762027,48";"27684914,9717614502"
"2019";"AM";"Recurso Próprio (Estadual)";"164934691,06";"219930491,0027911663"
"2019";"AP";"Recurso Próprio (Estadual)";"9313974,78";"12419625,2067300770"
"2019";"BA";"Recurso Próprio (Estadual)";"171153201,17";"228222500,2399540246"
"2019";"DF";"Recurso Próprio (Estadual)";"332045378,27";"442762542,0025364757"
"2019";"ES";"Recurso Próprio (Estadual)";"35696245,13";"47598796,0321880728"
"2019";"GO";"Recurso Próprio (Estadual)";"5241936,40";"6989806,9281132324"
"2019";"MA";"Recurso Próprio (Estadual)";"13170157,11";"17561612,4247172736"
"2019";"MG";"Recurso Próprio (Estadual)";"129153572,93";"172218521,9295471907"
"2019";"MS";"Recurso Próprio (Estadual)";"40374589,68";"53837087,1239477471"
"2019";"MT";"Recurso Próprio (Estadual)";"45018445,06";"60029388,9817650020"
"2019";"PA";"Recurso Próprio (Estadual)";"146525723,20";"195383239,5162523687"
"2019";"PB";"Recurso Próprio (Estadual)";"14903641,34";"19873109,3899664208"
"2019";"PE";"Recurso Próprio (Estadual)";"163266609,94";"217706205,1512438655"
"2019";"PI";"Recurso Próprio (Estadual)";"28299923,68";"37736246,2092328519"
"2019";"PR";"Recurso Próprio (Estadual)";"78492895,88";"104665555,9250384271"
"2019";"RJ";"Recurso Próprio (Estadual)";"117462879,17";"156629684,9039590657"
"2019";"RN";"Recurso Próprio (Estadual)";"25045683,92";"33396913,2062247396"
"2019";"RO";"Recurso Próprio (Estadual)";"6765623,74";"9021552,3581818659"
"2019";"RR";"Recurso Próprio (Estadual)";"4565856,95";"6088295,6424049614"
"2019";"RS";"Recurso Próprio (Estadual)";"59497302,19";"79336074,1751289815"
"2019";"SC";"Recurso Próprio (Estadual)";"36515912,85";"48691773,6402351260"
"2019";"SE";"Recurso Próprio (Estadual)";"19960542,20";"26616182,5539234951"
"2019";"SP";"Recurso Próprio (Estadual)";"798999696,81";"1065418042,1423865557"
"2019";"TO";"Recurso Próprio (Estadual)";"21793717,97";"29060612,1920998208"
"2020";"AC";"Recurso Próprio (Estadual)";"24115362,68";"31155789,2828599624"
"2020";"AL";"Recurso Próprio (Estadual)";"50779824,95";"65604882,1224991381"
"2020";"AM";"Recurso Próprio (Estadual)";"183965695,29";"237674071,6606988609"
"2020";"AP";"Recurso Próprio (Estadual)";"20970123,48";"27092304,4802589715"
"2020";"BA";"Recurso Próprio (Estadual)";"257743630,99";"332991311,9151834846"
"2020";"DF";"Recurso Próprio (Estadual)";"183679619,40";"237304476,5496480167"
"2020";"ES";"Recurso Próprio (Estadual)";"63021102,78";"81419973,8416349739"
"2020";"GO";"Recurso Próprio (Estadual)";"95687520,63";"123623279,8696434647"
"2020";"MA";"Recurso Próprio (Estadual)";"132660280,88";"171390155,4020624161"
"2020";"MG";"Recurso Próprio (Estadual)";"243176962,58";"314171936,9981459975"
"2020";"MG";"Lei Aldir Blanc 1 (LAB 1)";"1471375462,34";"1900940262,3935861588"
"2020";"MS";"Recurso Próprio (Estadual)";"57812024,60";"74690116,8501570523"
"2020";"MT";"Recurso Próprio (Estadual)";"71041271,02";"91781612,3960390687"
"2020";"PA";"Recurso Próprio (Estadual)";"200632385,89";"259206565,5844528377"
"2020";"PB";"Recurso Próprio (Estadual)";"39045775,42";"50445102,8795969561"
"2020";"PE";"Recurso Próprio (Estadual)";"212818069,80";"274949832,8620526791"
"2020";"PI";"Recurso Próprio (Estadual)";"44648187,59";"57683126,8463279456"
"2020";"PR";"Recurso Próprio (Estadual)";"129547980,04";"167369225,2405464649"
"2020";"RJ";"Recurso Próprio (Estadual)";"202175718,76";"261200471,0599408448"
"2020";"RN";"Recurso Próprio (Estadual)";"54166545,52";"69980348,2450284362"
"2020";"RO";"Recurso Próprio (Estadual)";"22601948,16";"29200536,7532413304"
"2020";"RR";"Recurso Próprio (Estadual)";"22145941,91";"28611400,4908018783"
"2020";"RS";"Recurso Próprio (Estadual)";"129560643,08";"167385585,2269648910"
"2020";"SC";"Recurso Próprio (Estadual)";"58828571,64";"76003442,5419419557"
"2020";"SE";"Recurso Próprio (Estadual)";"85337424,83";"110251496,5760979950"
"2020";"SP";"Recurso Próprio (Estadual)";"1008458699,96";"1302875978,8248250484"
"2020";"TO";"Recurso Próprio (Estadual)";"25212900,47";"32573750,7943231501"
"2021";"AC";"Recurso Próprio (Estadual)";"19987509,84";"23843438,3633952029"
"2021";"AL";"Recurso Próprio (Estadual)";"19539918,23";"23309498,7655944675"
"2021";"AM";"Recurso Próprio (Estadual)";"168644061,24";"201178351,4663468301"
"2021";"AP";"Recurso Próprio (Estadual)";"13581346,80";"16201418,1811502073"
"2021";"BA";"Recurso Próprio (Estadual)";"174784521,78";"208503410,6448217928"
"2021";"DF";"Recurso Próprio (Estadual)";"458357913,53";"546782903,2787098885"
"2021";"ES";"Recurso Próprio (Estadual)";"42532804,66";"50738101,6670477986"
"2021";"GO";"Recurso Próprio (Estadual)";"88705105,11";"105817819,3851874918"
"2021";"MA";"Recurso Próprio (Estadual)";"108411263,59";"129325628,9551853091"
"2021";"MG";"Recurso Próprio (Estadual)";"170664706,24";"203588813,0444762111"
"2021";"MS";"Recurso Próprio (Estadual)";"68439065,30";"81642117,9122195989"
"2021";"MT";"Recurso Próprio (Estadual)";"93591530,77";"111646919,1567037404"
"2021";"PA";"Recurso Próprio (Estadual)";"299072684,60";"356768861,0796568394"
"2021";"PB";"Recurso Próprio (Estadual)";"71937639,90";"85815626,6935836226"
"2021";"PE";"Recurso Próprio (Estadual)";"214956860,95";"256425673,1267849803"
"2021";"PI";"Recurso Próprio (Estadual)";"17165892,65";"20477483,5199247487"
"2021";"PR";"Recurso Próprio (Estadual)";"160944192,93";"191993048,3983111680"
"2021";"RJ";"Recurso Próprio (Estadual)";"201102142,47";"239898145,2474004328"
"2021";"RN";"Recurso Próprio (Estadual)";"26170443,14";"31219164,0152472742"
"2021";"RO";"Recurso Próprio (Estadual)";"11913397,76";"14211693,5757901520"
"2021";"RR";"Recurso Próprio (Estadual)";"12252438,97";"14616141,5664602071"
"2021";"RS";"Recurso Próprio (Estadual)";"59038113,43";"70427563,5097993612"
"2021";"SC";"Recurso Próprio (Estadual)";"69045947,76";"82366078,2576888055"
"2021";"SE";"Recurso Próprio (Estadual)";"49781847,70";"59385607,6496059000"
"2021";"SP";"Recurso Próprio (Estadual)";"1153039802,88";"1375480672,2091717720"
"2021";"TO";"Recurso Próprio (Estadual)";"6392440,63";"7625650,4873879878"
"2022";"AC";"Recurso Próprio (Estadual)";"29376650,59";"32068011,9740499929"
"2022";"AL";"Recurso Próprio (Estadual)";"126783829,05";"138399213,8802678585"
"2022";"AM";"Recurso Próprio (Estadual)";"341623449,42";"372921508,9737302065"
"2022";"AP";"Recurso Próprio (Estadual)";"34589821,92";"37758791,4630541578"
"2022";"BA";"Recurso Próprio (Estadual)";"206594222,41";"225521489,5148271918"
"2022";"BA";"Emendas Parlamentares (Cultura)";"2468046,70";"2694158,4400726799"
"2022";"CE";"Recurso Próprio (Estadual)";"322433763,50";"351973747,2139094472"
"2022";"DF";"Recurso Próprio (Estadual)";"313880367,30";"342636725,9316477776"
"2022";"DF";"Emendas Parlamentares (Cultura)";"1030604,80";"1125024,3442716931"
"2022";"ES";"Recurso Próprio (Estadual)";"57190462,07";"62430004,2934953198"
"2022";"ES";"Emendas Parlamentares (Cultura)";"459665,34";"501777,8858762591"
"2022";"GO";"Recurso Próprio (Estadual)";"46295069,10";"50536422,6493416503"
"2022";"MA";"Recurso Próprio (Estadual)";"123597122,01";"134920554,5551201701"
"2022";"MG";"Recurso Próprio (Estadual)";"129753385,74";"141640828,4816600382"
"2022";"MS";"Recurso Próprio (Estadual)";"167739658,67";"183107239,0731873214"
"2022";"MT";"Recurso Próprio (Estadual)";"160581697,21";"175293496,2128216624"
"2022";"PA";"Recurso Próprio (Estadual)";"359638902,97";"392587460,2839180827"
"2022";"PB";"Recurso Próprio (Estadual)";"22828621,23";"24920080,5487298369"
"2022";"PE";"Recurso Próprio (Estadual)";"324419386,23";"354141284,0910802484"
"2022";"PI";"Recurso Próprio (Estadual)";"47510728,50";"51863455,4938837290"
"2022";"PR";"Recurso Próprio (Estadual)";"116668486,50";"127357147,4942028075"
"2022";"RJ";"Recurso Próprio (Estadual)";"187655352,87";"204847522,8444937766"
"2022";"RN";"Recurso Próprio (Estadual)";"36658695,04";"40017205,7700798362"
"2022";"RO";"Recurso Próprio (Estadual)";"11709397,48";"12782161,7187826186"
"2022";"RS";"Recurso Próprio (Estadual)";"115436082,49";"126011835,9710776955"
"2022";"SC";"Recurso Próprio (Estadual)";"75466381,57";"82380284,3149446249"
"2022";"SE";"Recurso Próprio (Estadual)";"69605706,34";"75982679,4254466295"
"2022";"SP";"Recurso Próprio (Estadual)";"1176848490,48";"1284666247,7308409214"
"2022";"TO";"Recurso Próprio (Estadual)";"38631200,34";"42170423,4551759437"
"2023";"AC";"Recurso Próprio (Estadual)";"31200098,63";"32562737,3409597501"
"2023";"AC";"Lei Paulo Gustavo (LPG)";"166034,75";"173286,1814905717"
"2023";"AL";"Recurso Próprio (Estadual)";"43196146,54";"45082702,8018157035"
"2023";"AL";"Lei Paulo Gustavo (LPG)";"44664225,88";"46614899,3025711104"
"2023";"AM";"Recurso Próprio (Estadual)";"417648692,71";"435889156,7231863141"
"2023";"AM";"Emendas Parlamentares (Cultura)";"449000,00";"468609,7066383193"
"2023";"AM";"Lei Paulo Gustavo (LPG)";"48300373,00";"50409852,1649251655"
"2023";"AP";"Recurso Próprio (Estadual)";"43966248,99";"45886438,8445238322"
"2023";"AP";"Lei Paulo Gustavo (LPG)";"1100000,00";"1148041,5975549025"
"2023";"BA";"Recurso Próprio (Estadual)";"226030140,01";"235901820,9387624562"
"2023";"BA";"Emendas Parlamentares (Cultura)";"1259526,02";"1314534,7856025163"
"2023";"BA";"Lei Paulo Gustavo (LPG)";"5440260,20";"5677859,1010203212"
"2023";"CE";"Recurso Próprio (Estadual)";"203240085,06";"212116429,0358878672"
"2023";"CE";"Lei Paulo Gustavo (LPG)";"4228218,91";"4412882,9020438623"
"2023";"DF";"Recurso Próprio (Estadual)";"399342492,72";"416783448,4671143889"
"2023";"DF";"Emendas Parlamentares (Cultura)";"1218483,50";"1271699,7672129900"
"2023";"DF";"Lei Paulo Gustavo (LPG)";"4812074,86";"5022238,2816619854"
"2023";"ES";"Recurso Próprio (Estadual)";"74373599,50";"77621805,4417168200"
"2023";"ES";"Lei Paulo Gustavo (LPG)";"29624000,00";"30917803,8963331208"
"2023";"GO";"Recurso Próprio (Estadual)";"78371424,86";"81794232,5444803685"
"2023";"GO";"Lei Paulo Gustavo (LPG)";"62868426,64";"65614153,5959534496"
"2023";"MA";"Recurso Próprio (Estadual)";"142210054,09";"148420961,5325933695"
"2023";"MG";"Recurso Próprio (Estadual)";"136299855,24";"142252639,5965741277"
"2023";"MG";"Emendas Parlamentares (Cultura)";"162920,00";"170035,3973396770"
"2023";"MG";"Lei Paulo Gustavo (LPG)";"750000,00";"782755,6346965245"
"2023";"MS";"Recurso Próprio (Estadual)";"94397234,27";"98519956,0328138024"
"2023";"MS";"Emendas Parlamentares (Cultura)";"56000,00";"58445,7540573405"
"2023";"MS";"Lei Paulo Gustavo (LPG)";"508650,00";"530864,8714511829"
"2023";"MT";"Recurso Próprio (Estadual)";"162705387,69";"169811412,0131067038"
"2023";"PA";"Recurso Próprio (Estadual)";"444518547,25";"463932530,1160676479"
"2023";"PB";"Recurso Próprio (Estadual)";"35083869,13";"36616128,3312839344"
"2023";"PB";"Emendas Parlamentares (Cultura)";"449346,00";"468970,8179044593"
"2023";"PB";"Lei Paulo Gustavo (LPG)";"43377932,63";"45272428,2501583025"
"2023";"PE";"Recurso Próprio (Estadual)";"254345117,90";"265453432,2583691180"
"2023";"PE";"Lei Paulo Gustavo (LPG)";"2598990,20";"2712498,9647613959"
"2023";"PI";"Recurso Próprio (Estadual)";"55257761,96";"57671099,3798790202"
"2023";"PI";"Emendas Parlamentares (Cultura)";"100000,00";"104367,4179595366"
"2023";"PI";"Lei Paulo Gustavo (LPG)";"767000,00";"800498,0957496457"
"2023";"PR";"Recurso Próprio (Estadual)";"110454494,87";"115278504,3160677999"
"2023";"PR";"Emendas Parlamentares (Cultura)";"13620,00";"14214,8423260889"
"2023";"PR";"Lei Paulo Gustavo (LPG)";"7431449,60";"7756012,0644843103"
"2023";"RJ";"Recurso Próprio (Estadual)";"372546752,59";"388817426,3702860475"
"2023";"RN";"Recurso Próprio (Estadual)";"36514651,03";"38109398,4569463357"
"2023";"RN";"Lei Paulo Gustavo (LPG)";"37505324,23";"39143338,4962034523"
"2023";"RO";"Recurso Próprio (Estadual)";"27636051,34";"28843033,2095299140"
"2023";"RO";"Lei Paulo Gustavo (LPG)";"1100000,00";"1148041,5975549025"
"2023";"RR";"Recurso Próprio (Estadual)";"36453282,18";"38045349,3727698699"
"2023";"RR";"Lei Paulo Gustavo (LPG)";"850058,87";"887184,4937550138"
"2023";"RS";"Recurso Próprio (Estadual)";"117182037,15";"122299866,4858399332"
"2023";"RS";"Lei Paulo Gustavo (LPG)";"3259205,00";"3401548,1045081145"
"2023";"SC";"Recurso Próprio (Estadual)";"66797765,75";"69715103,3679346740"
"2023";"SC";"Emendas Parlamentares (Cultura)";"400000,00";"417469,6718381463"
"2023";"SC";"Lei Paulo Gustavo (LPG)";"55179447,24";"57589364,3287327811"
"2023";"SE";"Recurso Próprio (Estadual)";"106416917,42";"111064588,9833863080"
"2023";"SE";"Emendas Parlamentares (Cultura)";"6034243,50";"6297784,1343411691"
"2023";"SP";"Recurso Próprio (Estadual)";"1153018778,55";"1203375927,7612221241"
"2023";"SP";"Lei Paulo Gustavo (LPG)";"352395000,00";"367785562,5185089707"
"2023";"TO";"Recurso Próprio (Estadual)";"24351434,94";"25414963,8829744309"
"2023";"TO";"Lei Paulo Gustavo (LPG)";"1499200,00";"1564676,3300493725"
"2024";"AC";"Recurso Próprio (Estadual)";"34830086,43";"34830086,4299999997"
"2024";"AC";"Lei Paulo Gustavo (LPG)";"23948470,81";"23948470,8099999987"
"2024";"AC";"PNAB (Aldir Blanc 2)";"4065688,79";"4065688,7900000000"
"2024";"AL";"Recurso Próprio (Estadual)";"37707716,15";"37707716,1499999985"
"2024";"AL";"Lei Paulo Gustavo (LPG)";"2947079,16";"2947079,1600000001"
"2024";"AL";"PNAB (Aldir Blanc 2)";"22488148,39";"22488148,3900000006"
"2024";"AM";"Recurso Próprio (Estadual)";"546290443,86";"546290443,8600000143"
"2024";"AM";"Lei Paulo Gustavo (LPG)";"6428784,80";"6428784,7999999998"
"2024";"AM";"PNAB (Aldir Blanc 2)";"822900,85";"822900,8500000000"
"2024";"AP";"Recurso Próprio (Estadual)";"69124562,51";"69124562,5100000054"
"2024";"AP";"Lei Paulo Gustavo (LPG)";"22855000,00";"22855000,0000000000"
"2024";"BA";"Recurso Próprio (Estadual)";"299756029,04";"299756029,0400000215"
"2024";"BA";"Emendas Parlamentares (Cultura)";"288162,18";"288162,1800000001"
"2024";"BA";"Lei Paulo Gustavo (LPG)";"154957789,56";"154957789,5600000024"
"2024";"BA";"PNAB (Aldir Blanc 2)";"3798220,00";"3798220,0000000000"
"2024";"CE";"Recurso Próprio (Estadual)";"270261603,66";"270261603,6600000262"
"2024";"CE";"Lei Paulo Gustavo (LPG)";"99675972,35";"99675972,3499999940"
"2024";"CE";"PNAB (Aldir Blanc 2)";"3114856,00";"3114856,0000000000"
"2024";"DF";"Recurso Próprio (Estadual)";"527111448,25";"527111448,2500000000"
"2024";"DF";"Emendas Parlamentares (Cultura)";"35700,00";"35700,0000000000"
"2024";"DF";"Lei Paulo Gustavo (LPG)";"45127212,00";"45127212,0000000000"
"2024";"DF";"PNAB (Aldir Blanc 2)";"4410417,00";"4410417,0000000000"
"2024";"ES";"Recurso Próprio (Estadual)";"105850797,37";"105850797,3700000048"
"2024";"ES";"Emendas Parlamentares (Cultura)";"414604,00";"414604,0000000000"
"2024";"ES";"Lei Paulo Gustavo (LPG)";"14022173,47";"14022173,4700000007"
"2024";"GO";"Recurso Próprio (Estadual)";"76890195,23";"76890195,2300000042"
"2024";"GO";"Lei Paulo Gustavo (LPG)";"10549181,41";"10549181,4100000001"
"2024";"GO";"PNAB (Aldir Blanc 2)";"47815176,00";"47815176,0000000000"
"2024";"MA";"Recurso Próprio (Estadual)";"285580697,90";"285580697,9000000358"
"2024";"MA";"Lei Paulo Gustavo (LPG)";"87263200,00";"87263200,0000000000"
"2024";"MA";"PNAB (Aldir Blanc 2)";"11728927,13";"11728927,1299999990"
"2024";"MG";"Recurso Próprio (Estadual)";"153957362,61";"153957362,6100000143"
"2024";"MG";"Emendas Parlamentares (Cultura)";"439791,76";"439791,7600000000"
"2024";"MG";"Lei Paulo Gustavo (LPG)";"196539866,55";"196539866,5500000119"
"2024";"MG";"PNAB (Aldir Blanc 2)";"1028087,27";"1028087,2700000000"
"2024";"MS";"Recurso Próprio (Estadual)";"106581494,63";"106581494,6299999952"
"2024";"MS";"Emendas Parlamentares (Cultura)";"958044,04";"958044,0400000000"
"2024";"MS";"Lei Paulo Gustavo (LPG)";"29482865,34";"29482865,3399999999"
"2024";"MS";"PNAB (Aldir Blanc 2)";"291000,00";"291000,0000000000"
"2024";"MT";"Recurso Próprio (Estadual)";"178096649,63";"178096649,6299999952"
"2024";"MT";"Lei Paulo Gustavo (LPG)";"37462533,30";"37462533,2999999970"
"2024";"PA";"Recurso Próprio (Estadual)";"323773178,70";"323773178,6999999881"
"2024";"PB";"Recurso Próprio (Estadual)";"47937139,16";"47937139,1600000039"
"2024";"PB";"Emendas Parlamentares (Cultura)";"113200,00";"113200,0000000000"
"2024";"PB";"Lei Paulo Gustavo (LPG)";"7930710,13";"7930710,1299999999"
"2024";"PB";"PNAB (Aldir Blanc 2)";"8583540,22";"8583540,2200000007"
"2024";"PE";"Recurso Próprio (Estadual)";"382880552,70";"382880552,6999999881"
"2024";"PE";"Lei Paulo Gustavo (LPG)";"205346874,90";"205346874,9000000060"
"2024";"PE";"PNAB (Aldir Blanc 2)";"41884976,88";"41884976,8800000027"
"2024";"PI";"Recurso Próprio (Estadual)";"65822733,46";"65822733,4600000009"
"2024";"PI";"Emendas Parlamentares (Cultura)";"2610000,00";"2610000,0000000000"
"2024";"PI";"Lei Paulo Gustavo (LPG)";"44777356,75";"44777356,7500000000"
"2024";"PI";"PNAB (Aldir Blanc 2)";"1500000,00";"1500000,0000000000"
"2024";"PR";"Recurso Próprio (Estadual)";"123939769,74";"123939769,7399999946"
"2024";"PR";"Lei Paulo Gustavo (LPG)";"100630249,92";"100630249,9200000018"
"2024";"PR";"PNAB (Aldir Blanc 2)";"18036981,95";"18036981,9499999993"
"2024";"RJ";"Recurso Próprio (Estadual)";"259477450,69";"259477450,6899999976"
"2024";"RJ";"PNAB (Aldir Blanc 2)";"62902945,37";"62902945,3699999973"
"2024";"RN";"Recurso Próprio (Estadual)";"43414895,73";"43414895,7299999967"
"2024";"RN";"Lei Paulo Gustavo (LPG)";"6430467,99";"6430467,9900000002"
"2024";"RN";"PNAB (Aldir Blanc 2)";"21942469,23";"21942469,2300000004"
"2024";"RO";"Recurso Próprio (Estadual)";"42500706,45";"42500706,4500000030"
"2024";"RO";"Emendas Parlamentares (Cultura)";"196800,00";"196800,0000000000"
"2024";"RO";"Lei Paulo Gustavo (LPG)";"25168441,03";"25168441,0300000012"
"2024";"RR";"Recurso Próprio (Estadual)";"52526874,02";"52526874,0200000033"
"2024";"RR";"Lei Paulo Gustavo (LPG)";"20435550,16";"20435550,1600000001"
"2024";"RR";"PNAB (Aldir Blanc 2)";"722164,03";"722164,0300000000"
"2024";"RS";"Recurso Próprio (Estadual)";"143189831,35";"143189831,3499999940"
"2024";"RS";"Lei Paulo Gustavo (LPG)";"95385582,94";"95385582,9399999976"
"2024";"SC";"Recurso Próprio (Estadual)";"73877268,37";"73877268,3700000048"
"2024";"SC";"Emendas Parlamentares (Cultura)";"350000,00";"350000,0000000000"
"2024";"SC";"Lei Paulo Gustavo (LPG)";"8275219,04";"8275219,0400000000"
"2024";"SC";"PNAB (Aldir Blanc 2)";"42891020,00";"42891020,0000000000"
"2024";"SE";"Recurso Próprio (Estadual)";"225067405,72";"225067405,7199999988"
"2024";"SE";"Emendas Parlamentares (Cultura)";"9793808,20";"9793808,1999999993"
"2024";"SE";"Lei Paulo Gustavo (LPG)";"71357333,44";"71357333,4399999976"
"2024";"SP";"Recurso Próprio (Estadual)";"1251076964,63";"1251076964,6299998760"
"2024";"SP";"Lei Paulo Gustavo (LPG)";"45272252,60";"45272252,6000000015"
"2024";"SP";"PNAB (Aldir Blanc 2)";"243210000,00";"243210000,0000000000"
"2024";"TO";"Recurso Próprio (Estadual)";"6537725,63";"6537725,6299999999"
"2024";"TO";"Lei Paulo Gustavo (LPG)";"26080250,00";"26080250,0000000000"
"2024";"TO";"PNAB (Aldir Blanc 2)";"16387903,86";"16387903,8599999994"
"2025";"AC";"Recurso Próprio (Estadual)";"49597041,01";"47227741,0580290705"
"2025";"AC";"Lei Paulo Gustavo (LPG)";"187671,25";"178706,0078291683"
"2025";"AC";"PNAB (Aldir Blanc 2)";"16069376,74";"15301726,6390472408"
"2025";"AL";"Recurso Próprio (Estadual)";"43053775,87";"40997054,1982294843"
"2025";"AL";"Lei Paulo Gustavo (LPG)";"510683,73";"486287,8605626000"
"2025";"AL";"PNAB (Aldir Blanc 2)";"33276088,96";"31686457,1116239652"
"2025";"AM";"Recurso Próprio (Estadual)";"613920293,09";"584592710,4094356298"
"2025";"AM";"Emendas Parlamentares (Cultura)";"1957014,25";"1863525,7338686339"
"2025";"AM";"Lei Paulo Gustavo (LPG)";"123934,51";"118014,0352577399"
"2025";"AM";"PNAB (Aldir Blanc 2)";"45711294,17";"43527620,2072796598"
"2025";"AP";"Recurso Próprio (Estadual)";"78631675,98";"74875362,6530568749"
"2025";"AP";"PNAB (Aldir Blanc 2)";"17521438,00";"16684421,4892067164"
"2025";"BA";"Recurso Próprio (Estadual)";"384372245,27";"366010401,0205910802"
"2025";"BA";"Emendas Parlamentares (Cultura)";"1218229,66";"1160033,6181364220"
"2025";"BA";"PNAB (Aldir Blanc 2)";"78244867,05";"74507031,9701580703"
"2025";"CE";"Recurso Próprio (Estadual)";"284240622,94";"270662165,8271221519"
"2025";"CE";"Lei Paulo Gustavo (LPG)";"716082,49";"681874,5176166850"
"2025";"CE";"PNAB (Aldir Blanc 2)";"76679099,41";"73016062,6068032831"
"2025";"DF";"Recurso Próprio (Estadual)";"433487819,59";"412779675,5310129523"
"2025";"DF";"PNAB (Aldir Blanc 2)";"37800153,00";"35994402,1151974946"
"2025";"ES";"Recurso Próprio (Estadual)";"149979327,17";"142814665,6211614907"
"2025";"ES";"Emendas Parlamentares (Cultura)";"950000,00";"904617,5556336404"
"2025";"ES";"Lei Paulo Gustavo (LPG)";"1152346,14";"1097297,4193796429"
"2025";"ES";"PNAB (Aldir Blanc 2)";"30591094,64";"29129727,6393622681"
"2025";"GO";"Recurso Próprio (Estadual)";"95385735,76";"90829064,3426605463"
"2025";"GO";"Lei Paulo Gustavo (LPG)";"1115895,44";"1062588,0055531850"
"2025";"GO";"PNAB (Aldir Blanc 2)";"12561835,12";"11961743,7689760197"
"2025";"MA";"Recurso Próprio (Estadual)";"474527945,85";"451859274,1628205180"
"2025";"MA";"Emendas Parlamentares (Cultura)";"206250,00";"196397,2324730930"
"2025";"MA";"PNAB (Aldir Blanc 2)";"62102944,00";"59136224,6304556355"
"2025";"MG";"Recurso Próprio (Estadual)";"241603120,96";"230061499,7013620436"
"2025";"MG";"Lei Paulo Gustavo (LPG)";"133120,70";"126761,3918297254"
"2025";"MG";"PNAB (Aldir Blanc 2)";"144685803,63";"137774018,9627994895"
"2025";"MS";"Recurso Próprio (Estadual)";"121710807,68";"115896561,4080817997"
"2025";"MS";"Emendas Parlamentares (Cultura)";"3862356,33";"3677847,7286639139"
"2025";"MS";"Lei Paulo Gustavo (LPG)";"369190,38";"351553,7885463735"
"2025";"MS";"PNAB (Aldir Blanc 2)";"22125689,95";"21068723,7466071621"
"2025";"MT";"Recurso Próprio (Estadual)";"278515895,52";"265210914,3267545104"
"2025";"MT";"Lei Paulo Gustavo (LPG)";"2058402,21";"1960070,2902327194"
"2025";"MT";"PNAB (Aldir Blanc 2)";"24717646,22";"23536859,6890036762"
"2025";"PA";"Recurso Próprio (Estadual)";"360726006,18";"343493766,2779337764"
"2025";"PB";"Recurso Próprio (Estadual)";"79232331,97";"75447324,7093205750"
"2025";"PB";"Emendas Parlamentares (Cultura)";"931699,37";"887191,1649208450"
"2025";"PB";"Lei Paulo Gustavo (LPG)";"283696,94";"270144,4551616248"
"2025";"PB";"PNAB (Aldir Blanc 2)";"30712766,10";"29245586,7327681445"
"2025";"PE";"Recurso Próprio (Estadual)";"505951752,12";"481781933,9698441625"
"2025";"PE";"Lei Paulo Gustavo (LPG)";"7930971,40";"7552101,0122824330"
"2025";"PE";"PNAB (Aldir Blanc 2)";"114509576,72";"109039340,4095675945"
"2025";"PI";"Recurso Próprio (Estadual)";"76295488,60";"72650777,2665329278"
"2025";"PI";"Emendas Parlamentares (Cultura)";"559520,00";"532791,1733980363"
"2025";"PI";"Lei Paulo Gustavo (LPG)";"85433,76";"81352,5043576748"
"2025";"PI";"PNAB (Aldir Blanc 2)";"30501472,60";"29044386,9333036430"
"2025";"PR";"Recurso Próprio (Estadual)";"156083686,83";"148627413,9520434141"
"2025";"PR";"Emendas Parlamentares (Cultura)";"150000,00";"142834,3508895222"
"2025";"PR";"Lei Paulo Gustavo (LPG)";"1012274,60";"963917,2360863381"
"2025";"PR";"PNAB (Aldir Blanc 2)";"64367895,23";"61292976,8886788040"
"2025";"RJ";"Recurso Próprio (Estadual)";"425761720,87";"405422660,2271491885"
"2025";"RJ";"PNAB (Aldir Blanc 2)";"41822505,56";"39824602,8949068785"
"2025";"RN";"Recurso Próprio (Estadual)";"45997800,12";"43800439,4832412302"
"2025";"RN";"Lei Paulo Gustavo (LPG)";"11127,20";"10595,6425947859"
"2025";"RN";"PNAB (Aldir Blanc 2)";"27305756,75";"26001333,6062229238"
"2025";"RO";"Recurso Próprio (Estadual)";"68475828,01";"65204669,6362060755"
"2025";"RO";"PNAB (Aldir Blanc 2)";"595421,16";"566977,2992965755"
"2025";"RR";"Recurso Próprio (Estadual)";"88674374,55";"84438311,5292240977"
"2025";"RR";"Emendas Parlamentares (Cultura)";"10967228,76";"10443313,3399433270"
"2025";"RR";"PNAB (Aldir Blanc 2)";"15758539,17";"15005738,0887603965"
"2025";"RS";"Recurso Próprio (Estadual)";"264153056,36";"251534202,2710931003"
"2025";"RS";"Emendas Parlamentares (Cultura)";"2015126,84";"1918862,2276763599"
"2025";"RS";"Lei Paulo Gustavo (LPG)";"1200928,66";"1143559,1041048244"
"2025";"SC";"Recurso Próprio (Estadual)";"72332592,47";"68877192,6240585893"
"2025";"SC";"Emendas Parlamentares (Cultura)";"300000,00";"285668,7017790443"
"2025";"SC";"Lei Paulo Gustavo (LPG)";"284820,80";"271214,6272522294"
"2025";"SC";"PNAB (Aldir Blanc 2)";"1110932,46";"1057862,1120413337"
"2025";"SE";"Recurso Próprio (Estadual)";"348203518,12";"331569489,9207878113"
"2025";"SE";"Emendas Parlamentares (Cultura)";"4051429,90";"3857889,0662726783"
"2025";"SE";"Lei Paulo Gustavo (LPG)";"1696219,68";"1615189,5797255535"
"2025";"SE";"PNAB (Aldir Blanc 2)";"45363903,78";"43196825,0015402734"
"2025";"SP";"Recurso Próprio (Estadual)";"1274989020,10";"1214081527,1816763878"
"2025";"SP";"Emendas Parlamentares (Cultura)";"1650000,00";"1571177,8597847440"
"2025";"SP";"PNAB (Aldir Blanc 2)";"237528756,59";"226181771,7675197423"
"2025";"TO";"Recurso Próprio (Estadual)";"17179197,91";"16358530,5485165734"
"2025";"TO";"Lei Paulo Gustavo (LPG)";"182620,81";"173896,8323684584"
"2025";"TO";"PNAB (Aldir Blanc 2)";"4973465,53";"4735878,1376597555"
