ano_adesao;tipo_metrica;quantidade
2012;Adesões acumuladas;36
2012;Novas adesões no ano;36
2013;Adesões acumuladas;1270
2013;Novas adesões no ano;1234
2014;Adesões acumuladas;1922
2014;Novas adesões no ano;652
2015;Adesões acumuladas;2172
2015;Novas adesões no ano;250
2016;Adesões acumuladas;2237
2016;Novas adesões no ano;65
2017;Adesões acumuladas;2546
2017;Novas adesões no ano;309
2018;Adesões acumuladas;2644
2018;Novas adesões no ano;98
2019;Adesões acumuladas;2664
2019;Novas adesões no ano;20
2020;Adesões acumuladas;2712
2020;Novas adesões no ano;48
2021;Adesões acumuladas;2863
2021;Novas adesões no ano;151
2022;Adesões acumuladas;3150
2022;Novas adesões no ano;287
2023;Adesões acumuladas;3531
2023;Novas adesões no ano;381
2024;Adesões acumuladas;3662
2024;Novas adesões no ano;131
2025;Adesões acumuladas;3707
2025;Novas adesões no ano;45
2026;Adesões acumuladas;3945
2026;Novas adesões no ano;238
