ano_exercicio;macrorregiao;faixa_investimento_rcl;quantidade_municipios;proporcao_municipios
2019;Centro-Oeste;1. Até 0,5%;194;0.537396121883656
2019;Centro-Oeste;2. Entre 0,5% e 1,0%;68;0.188365650969529
2019;Centro-Oeste;3. Entre 1,0% e 2,0%;56;0.155124653739612
2019;Centro-Oeste;4. Mais de 2,0%;43;0.119113573407202
2019;Nordeste;1. Até 0,5%;380;0.24219247928617
2019;Nordeste;2. Entre 0,5% e 1,0%;313;0.19949012109624
2019;Nordeste;3. Entre 1,0% e 2,0%;504;0.321223709369025
2019;Nordeste;4. Mais de 2,0%;372;0.237093690248566
2019;Norte;1. Até 0,5%;123;0.383177570093458
2019;Norte;2. Entre 0,5% e 1,0%;81;0.252336448598131
2019;Norte;3. Entre 1,0% e 2,0%;71;0.221183800623053
2019;Norte;4. Mais de 2,0%;46;0.143302180685358
2019;Sudeste;1. Até 0,5%;395;0.252557544757033
2019;Sudeste;2. Entre 0,5% e 1,0%;394;0.251918158567775
2019;Sudeste;3. Entre 1,0% e 2,0%;425;0.271739130434783
2019;Sudeste;4. Mais de 2,0%;350;0.223785166240409
2019;Sul;1. Até 0,5%;409;0.377306273062731
2019;Sul;2. Entre 0,5% e 1,0%;320;0.29520295202952
2019;Sul;3. Entre 1,0% e 2,0%;242;0.223247232472325
2019;Sul;4. Mais de 2,0%;113;0.104243542435424
2020;Centro-Oeste;1. Até 0,5%;192;0.571428571428571
2020;Centro-Oeste;2. Entre 0,5% e 1,0%;75;0.223214285714286
2020;Centro-Oeste;3. Entre 1,0% e 2,0%;54;0.160714285714286
2020;Centro-Oeste;4. Mais de 2,0%;15;0.0446428571428571
2020;Nordeste;1. Até 0,5%;720;0.4551201011378
2020;Nordeste;2. Entre 0,5% e 1,0%;412;0.260429835651075
2020;Nordeste;3. Entre 1,0% e 2,0%;308;0.194690265486726
2020;Nordeste;4. Mais de 2,0%;142;0.0897597977243995
2020;Norte;1. Até 0,5%;165;0.495495495495495
2020;Norte;2. Entre 0,5% e 1,0%;80;0.24024024024024
2020;Norte;3. Entre 1,0% e 2,0%;59;0.177177177177177
2020;Norte;4. Mais de 2,0%;29;0.0870870870870871
2020;Sudeste;1. Até 0,5%;512;0.328205128205128
2020;Sudeste;2. Entre 0,5% e 1,0%;522;0.334615384615385
2020;Sudeste;3. Entre 1,0% e 2,0%;375;0.240384615384615
2020;Sudeste;4. Mais de 2,0%;151;0.0967948717948718
2020;Sul;1. Até 0,5%;558;0.506352087114338
2020;Sul;2. Entre 0,5% e 1,0%;313;0.284029038112523
2020;Sul;3. Entre 1,0% e 2,0%;176;0.159709618874773
2020;Sul;4. Mais de 2,0%;55;0.0499092558983666
2021;Centro-Oeste;1. Até 0,5%;207;0.583098591549296
2021;Centro-Oeste;2. Entre 0,5% e 1,0%;77;0.216901408450704
2021;Centro-Oeste;3. Entre 1,0% e 2,0%;46;0.129577464788732
2021;Centro-Oeste;4. Mais de 2,0%;25;0.0704225352112676
2021;Nordeste;1. Até 0,5%;1020;0.64968152866242
2021;Nordeste;2. Entre 0,5% e 1,0%;345;0.219745222929936
2021;Nordeste;3. Entre 1,0% e 2,0%;168;0.107006369426752
2021;Nordeste;4. Mais de 2,0%;37;0.0235668789808917
2021;Norte;1. Até 0,5%;213;0.613832853025937
2021;Norte;2. Entre 0,5% e 1,0%;75;0.216138328530259
2021;Norte;3. Entre 1,0% e 2,0%;38;0.109510086455331
2021;Norte;4. Mais de 2,0%;21;0.0605187319884726
2021;Sudeste;1. Até 0,5%;740;0.474055092889174
2021;Sudeste;2. Entre 0,5% e 1,0%;511;0.327354260089686
2021;Sudeste;3. Entre 1,0% e 2,0%;244;0.156310057655349
2021;Sudeste;4. Mais de 2,0%;66;0.0422805893657912
2021;Sul;1. Até 0,5%;593;0.541552511415525
2021;Sul;2. Entre 0,5% e 1,0%;298;0.272146118721461
2021;Sul;3. Entre 1,0% e 2,0%;161;0.14703196347032
2021;Sul;4. Mais de 2,0%;43;0.0392694063926941
2022;Centro-Oeste;1. Até 0,5%;140;0.374331550802139
2022;Centro-Oeste;2. Entre 0,5% e 1,0%;47;0.125668449197861
2022;Centro-Oeste;3. Entre 1,0% e 2,0%;86;0.229946524064171
2022;Centro-Oeste;4. Mais de 2,0%;101;0.270053475935829
2022;Nordeste;1. Até 0,5%;395;0.240706886045094
2022;Nordeste;2. Entre 0,5% e 1,0%;329;0.200487507617307
2022;Nordeste;3. Entre 1,0% e 2,0%;522;0.318098720292505
2022;Nordeste;4. Mais de 2,0%;395;0.240706886045094
2022;Norte;1. Até 0,5%;133;0.35752688172043
2022;Norte;2. Entre 0,5% e 1,0%;81;0.217741935483871
2022;Norte;3. Entre 1,0% e 2,0%;82;0.220430107526882
2022;Norte;4. Mais de 2,0%;76;0.204301075268817
2022;Sudeste;1. Até 0,5%;394;0.24920936116382
2022;Sudeste;2. Entre 0,5% e 1,0%;336;0.212523719165085
2022;Sudeste;3. Entre 1,0% e 2,0%;439;0.277672359266287
2022;Sudeste;4. Mais de 2,0%;412;0.260594560404807
2022;Sul;1. Até 0,5%;381;0.341092211280215
2022;Sul;2. Entre 0,5% e 1,0%;295;0.264100268576544
2022;Sul;3. Entre 1,0% e 2,0%;291;0.260519247985676
2022;Sul;4. Mais de 2,0%;150;0.134288272157565
2023;Centro-Oeste;1. Até 0,5%;137;0.353092783505155
2023;Centro-Oeste;2. Entre 0,5% e 1,0%;64;0.164948453608247
2023;Centro-Oeste;3. Entre 1,0% e 2,0%;78;0.201030927835052
2023;Centro-Oeste;4. Mais de 2,0%;109;0.280927835051546
2023;Nordeste;1. Até 0,5%;301;0.18253486961795
2023;Nordeste;2. Entre 0,5% e 1,0%;266;0.161309884778654
2023;Nordeste;3. Entre 1,0% e 2,0%;459;0.278350515463918
2023;Nordeste;4. Mais de 2,0%;623;0.377804730139478
2023;Norte;1. Até 0,5%;115;0.297157622739018
2023;Norte;2. Entre 0,5% e 1,0%;77;0.198966408268734
2023;Norte;3. Entre 1,0% e 2,0%;102;0.263565891472868
2023;Norte;4. Mais de 2,0%;93;0.24031007751938
2023;Sudeste;1. Até 0,5%;241;0.150155763239875
2023;Sudeste;2. Entre 0,5% e 1,0%;252;0.157009345794393
2023;Sudeste;3. Entre 1,0% e 2,0%;427;0.266043613707165
2023;Sudeste;4. Mais de 2,0%;685;0.426791277258567
2023;Sul;1. Até 0,5%;345;0.310251798561151
2023;Sul;2. Entre 0,5% e 1,0%;280;0.251798561151079
2023;Sul;3. Entre 1,0% e 2,0%;321;0.288669064748201
2023;Sul;4. Mais de 2,0%;166;0.149280575539568
2024;Centro-Oeste;1. Até 0,5%;139;0.350125944584383
2024;Centro-Oeste;2. Entre 0,5% e 1,0%;57;0.143576826196474
2024;Centro-Oeste;3. Entre 1,0% e 2,0%;81;0.204030226700252
2024;Centro-Oeste;4. Mais de 2,0%;120;0.302267002518892
2024;Nordeste;1. Até 0,5%;263;0.155253837072019
2024;Nordeste;2. Entre 0,5% e 1,0%;223;0.131641086186541
2024;Nordeste;3. Entre 1,0% e 2,0%;416;0.245572609208973
2024;Nordeste;4. Mais de 2,0%;792;0.467532467532468
2024;Norte;1. Até 0,5%;118;0.297979797979798
2024;Norte;2. Entre 0,5% e 1,0%;85;0.214646464646465
2024;Norte;3. Entre 1,0% e 2,0%;80;0.202020202020202
2024;Norte;4. Mais de 2,0%;113;0.285353535353535
2024;Sudeste;1. Até 0,5%;250;0.154990700557967
2024;Sudeste;2. Entre 0,5% e 1,0%;288;0.178549287042777
2024;Sudeste;3. Entre 1,0% e 2,0%;373;0.231246125232486
2024;Sudeste;4. Mais de 2,0%;702;0.43521388716677
2024;Sul;1. Até 0,5%;341;0.312557286892759
2024;Sul;2. Entre 0,5% e 1,0%;295;0.270394133822181
2024;Sul;3. Entre 1,0% e 2,0%;282;0.258478460128323
2024;Sul;4. Mais de 2,0%;173;0.158570119156737
2025;Centro-Oeste;1. Até 0,5%;125;0.360230547550432
2025;Centro-Oeste;2. Entre 0,5% e 1,0%;45;0.129682997118156
2025;Centro-Oeste;3. Entre 1,0% e 2,0%;57;0.164265129682997
2025;Centro-Oeste;4. Mais de 2,0%;120;0.345821325648415
2025;Nordeste;1. Até 0,5%;229;0.144570707070707
2025;Nordeste;2. Entre 0,5% e 1,0%;160;0.101010101010101
2025;Nordeste;3. Entre 1,0% e 2,0%;357;0.225378787878788
2025;Nordeste;4. Mais de 2,0%;838;0.529040404040404
2025;Norte;1. Até 0,5%;94;0.29559748427673
2025;Norte;2. Entre 0,5% e 1,0%;63;0.19811320754717
2025;Norte;3. Entre 1,0% e 2,0%;79;0.248427672955975
2025;Norte;4. Mais de 2,0%;82;0.257861635220126
2025;Sudeste;1. Até 0,5%;241;0.160239361702128
2025;Sudeste;2. Entre 0,5% e 1,0%;251;0.16688829787234
2025;Sudeste;3. Entre 1,0% e 2,0%;337;0.22406914893617
2025;Sudeste;4. Mais de 2,0%;675;0.448803191489362
2025;Sul;1. Até 0,5%;286;0.276328502415459
2025;Sul;2. Entre 0,5% e 1,0%;278;0.268599033816425
2025;Sul;3. Entre 1,0% e 2,0%;295;0.285024154589372
2025;Sul;4. Mais de 2,0%;176;0.170048309178744
