ano_exercicio;regiao;uf;percentual_rcl
2019;Centro-Oeste;DF;0.0147553028465552
2019;Centro-Oeste;GO;0.000213619841648091
2019;Centro-Oeste;MS;0.0033611181414115
2019;Centro-Oeste;MT;0.00262429603162839
2019;Nordeste;AL;0.00242575184130567
2019;Nordeste;BA;0.00495725467556315
2019;Nordeste;CE;0
2019;Nordeste;MA;0.000896013327593632
2019;Nordeste;PB;0.00145460569415336
2019;Nordeste;PE;0.0064429629241558
2019;Nordeste;PI;0.00298810141449313
2019;Nordeste;RN;0.00246083189676684
2019;Nordeste;SE;0.00247845773524499
2019;Norte;AC;0.00337641988545722
2019;Norte;AM;0.0110082085832608
2019;Norte;AP;0.00166635667768459
2019;Norte;PA;0.00675527247866886
2019;Norte;RO;0.000873767810821637
2019;Norte;RR;0.00108697265714057
2019;Norte;TO;0.00271897085782435
2019;Sudeste;ES;0.0022545633658471
2019;Sudeste;MG;0.00201587737803026
2019;Sudeste;RJ;0.00200564954385666
2019;Sudeste;SP;0.00497989776440525
2019;Sul;PR;0.00201595086131654
2019;Sul;RS;0.00149567989161617
2019;Sul;SC;0.00145527357126907
2020;Centro-Oeste;DF;0.00732991456345738
2020;Centro-Oeste;GO;0.00363508249099
2020;Centro-Oeste;MS;0.00410864518619882
2020;Centro-Oeste;MT;0.00346847800830796
2020;Nordeste;AL;0.00504794924695282
2020;Nordeste;BA;0.00680464347185652
2020;Nordeste;CE;0
2020;Nordeste;MA;0.00813128093788052
2020;Nordeste;PB;0.00345909680890532
2020;Nordeste;PE;0.00781299743066085
2020;Nordeste;PI;0.00379347277393305
2020;Nordeste;RN;0.00500274679074488
2020;Nordeste;SE;0.00978123511037745
2020;Norte;AC;0.00422863524825245
2020;Norte;AM;0.0111765911942415
2020;Norte;AP;0.00332760030741381
2020;Norte;PA;0.00829177422149448
2020;Norte;RO;0.00259084328507691
2020;Norte;RR;0.00510847166913175
2020;Norte;TO;0.00281164286410969
2020;Sudeste;ES;0.00402925624911799
2020;Sudeste;MG;0.0034451323975133
2020;Sudeste;RJ;0.00339802048933495
2020;Sudeste;SP;0.00611187090884848
2020;Sul;PR;0.00321849442791007
2020;Sul;RS;0.00307938699787454
2020;Sul;SC;0.00219008122868313
2021;Centro-Oeste;DF;0.0162094152940743
2021;Centro-Oeste;GO;0.00281198938713445
2021;Centro-Oeste;MS;0.00432719398276936
2021;Centro-Oeste;MT;0.00380382484627116
2021;Nordeste;AL;0.00155958589467695
2021;Nordeste;BA;0.00384602804530536
2021;Nordeste;CE;0
2021;Nordeste;MA;0.00593275281979656
2021;Nordeste;PB;0.00551788566439313
2021;Nordeste;PE;0.00685834349628272
2021;Nordeste;PI;0.00149851993221788
2021;Nordeste;RN;0.00213715365558082
2021;Nordeste;SE;0.00514570403446602
2021;Norte;AC;0.00298738128301154
2021;Norte;AM;0.0088787445201075
2021;Norte;AP;0.00204144467403312
2021;Norte;PA;0.0110729921761366
2021;Norte;RO;0.00118915986011073
2021;Norte;RR;0.00221153011052619
2021;Norte;TO;0.000635863288345321
2021;Sudeste;ES;0.00225983161946122
2021;Sudeste;MG;0.00206982763351665
2021;Sudeste;RJ;0.00243891845937136
2021;Sudeste;SP;0.00585032118768076
2021;Sul;PR;0.00336462901780379
2021;Sul;RS;0.00109577179819808
2021;Sul;SC;0.00222364677305111
2022;Centro-Oeste;DF;0.0106544328468412
2022;Centro-Oeste;GO;0.00124421185506714
2022;Centro-Oeste;MS;0.00913286846170208
2022;Centro-Oeste;MT;0.0054666390996641
2022;Nordeste;AL;0.00962093464782483
2022;Nordeste;BA;0.00373280542835126
2022;Nordeste;CE;0.0106120808119854
2022;Nordeste;MA;0.00557524054004728
2022;Nordeste;PB;0.00144861009385961
2022;Nordeste;PE;0.00883444410472176
2022;Nordeste;PI;0.00351477003152089
2022;Nordeste;RN;0.0025708217806295
2022;Nordeste;SE;0.00616192622522347
2022;Norte;AC;0.00367451248317659
2022;Norte;AM;0.0152425639941093
2022;Norte;AP;0.00477493296474854
2022;Norte;PA;0.0104862678141732
2022;Norte;RO;0.00100946509876316
2022;Norte;RR;0
2022;Norte;TO;0.00319107927825022
2022;Sudeste;ES;0.00269126265211891
2022;Sudeste;MG;0.00141952841448119
2022;Sudeste;RJ;0.00209362227045465
2022;Sudeste;SP;0.00512866228174231
2022;Sul;PR;0.00209214178952634
2022;Sul;RS;0.00227981226917889
2022;Sul;SC;0.00197244971489576
2023;Centro-Oeste;DF;0.0120232842309604
2023;Centro-Oeste;GO;0.00204054369997476
2023;Centro-Oeste;MS;0.00477793253834339
2023;Centro-Oeste;MT;0.0052585858521342
2023;Nordeste;AL;0.00298624208730972
2023;Nordeste;BA;0.0039495444619426
2023;Nordeste;CE;0.00635645995553551
2023;Nordeste;MA;0.0061506879820599
2023;Nordeste;PB;0.00209160889893621
2023;Nordeste;PE;0.00672334735709752
2023;Nordeste;PI;0.00359263861709588
2023;Nordeste;RN;0.00225178180567463
2023;Nordeste;SE;0.00842600079062358
2023;Norte;AC;0.00363934253920416
2023;Norte;AM;0.0182972157386372
2023;Norte;AP;0.00546826232259503
2023;Norte;PA;0.0122571123724265
2023;Norte;RO;0.00220251731656886
2023;Norte;RR;0.00530688496386526
2023;Norte;TO;0.00185973295628185
2023;Sudeste;ES;0.00332420112372784
2023;Sudeste;MG;0.00148024201927376
2023;Sudeste;RJ;0.00422510452680745
2023;Sudeste;SP;0.00502059052395301
2023;Sul;PR;0.00185434747296783
2023;Sul;RS;0.00206892416455453
2023;Sul;SC;0.00162215444018372
2024;Centro-Oeste;DF;0.0145954923677741
2024;Centro-Oeste;GO;0.00181644421232654
2024;Centro-Oeste;MS;0.00522901987423699
2024;Centro-Oeste;MT;0.00539627414613168
2024;Nordeste;AL;0.00222626887106212
2024;Nordeste;BA;0.00460827338816648
2024;Nordeste;CE;0.00743243929319897
2024;Nordeste;MA;0.00965231671045815
2024;Nordeste;PB;0.00253259378792371
2024;Nordeste;PE;0.00873931986178886
2024;Nordeste;PI;0.00383109920061576
2024;Nordeste;RN;0.00251536305563752
2024;Nordeste;SE;0.0147021522188557
2024;Norte;AC;0.00344469188562979
2024;Norte;AM;0.0205437090281891
2024;Norte;AP;0.00779190126292907
2024;Norte;PA;0.00785763013664948
2024;Norte;RO;0.00298990532778607
2024;Norte;RR;0.00676055883077296
2024;Norte;TO;0.00044609647835515
2024;Sudeste;ES;0.00401572956873971
2024;Sudeste;MG;0.00148756824041509
2024;Sudeste;RJ;0.00279716782897238
2024;Sudeste;SP;0.00497709311337606
2024;Sul;PR;0.00187184592392271
2024;Sul;RS;0.00238475300538149
2024;Sul;SC;0.00158567774959501
