ano_exercicio;fonte_recurso;valor_nominal
2019;Execução direta Estadual (recursos próprios);2507049249.32
2020;Execução direta Estadual (recursos próprios);3619834212.35
2020;Lei Aldir Blanc (LAB);1471375462.34
2021;Execução direta Estadual (recursos próprios);3780053592.86
2022;Execução direta Estadual (recursos próprios);4643516931.03
2023;Execução direta Estadual (recursos próprios);4893558922.37
2023;Lei Paulo Gustavo (LPG);708425872.01
2024;Execução direta Estadual (recursos próprios);5734061583.62
2024;Lei Paulo Gustavo (LPG);1388350417.65
2024;Política Nacional Aldir Blanc (PNAB);557625422.97
2025;Execução direta Estadual (recursos próprios);7033082680.9
2025;Lei Paulo Gustavo (LPG);19055420.7
2025;Política Nacional Aldir Blanc (PNAB);1216638322.54
