ano_exercicio;fonte_recurso;percentual_execucao
2003;Execução direta da União (MinC);1
2004;Execução direta da União (MinC);1
2005;Execução direta da União (MinC);1
2006;Execução direta da União (MinC);0.55368651480304
2006;Renúncia fiscal - Lei Rouanet;0.303864936901794
2006;Renúncia fiscal - Lei do Audiovisual;0.142448548295166
2007;Execução direta da União (MinC);0.498372681863327
2007;Fundo Setorial do Audiovisual;0.00622816020299937
2007;Renúncia fiscal - Lei Rouanet;0.399999285120336
2007;Renúncia fiscal - Lei do Audiovisual;0.0953998728133368
2008;Execução direta da União (MinC);0.487606782303076
2008;Fundo Setorial do Audiovisual;0.00354329629473548
2008;Renúncia fiscal - Lei Rouanet;0.425436639461615
2008;Renúncia fiscal - Lei do Audiovisual;0.0834132819405736
2009;Execução direta da União (MinC);0.508245038383379
2009;Fundo Setorial do Audiovisual;0.00125294958681144
2009;Renúncia fiscal - Lei Rouanet;0.431679627293752
2009;Renúncia fiscal - Lei do Audiovisual;0.0588223847360577
2010;Execução direta da União (MinC);0.498711484973332
2010;Fundo Setorial do Audiovisual;0.00118906238256891
2010;Renúncia fiscal - Lei Rouanet;0.439414113878761
2010;Renúncia fiscal - Lei do Audiovisual;0.0606853387653378
2011;Execução direta da União (MinC);0.512884203417273
2011;Fundo Setorial do Audiovisual;0.0170170864543012
2011;Renúncia fiscal - Lei Rouanet;0.414306320417633
2011;Renúncia fiscal - Lei do Audiovisual;0.0557923897107925
2012;Execução direta da União (MinC);0.510764106088608
2012;Fundo Setorial do Audiovisual;0.021020885629798
2012;Renúncia fiscal - Lei Rouanet;0.427045523870011
2012;Renúncia fiscal - Lei do Audiovisual;0.0411694844115829
2013;Execução direta da União (MinC);0.573039848795105
2013;Fundo Setorial do Audiovisual;0.0664200112475085
2013;Renúncia fiscal - Lei Rouanet;0.31207484318805
2013;Renúncia fiscal - Lei do Audiovisual;0.0484652967693373
2014;Execução direta da União (MinC);0.538877367058372
2014;Renúncia fiscal - Lei Rouanet;0.38640243707309
2014;Renúncia fiscal - Lei do Audiovisual;0.0747201958685376
2015;Execução direta da União (MinC);0.529883914957659
2015;Fundo Setorial do Audiovisual;0.0279107088303171
2015;Renúncia fiscal - Lei Rouanet;0.36493460691542
2015;Renúncia fiscal - Lei do Audiovisual;0.0772707692966036
2016;Execução direta da União (MinC);0.531415030575014
2016;Fundo Setorial do Audiovisual;0.0294735470463487
2016;Renúncia fiscal - Lei Rouanet;0.348392517793531
2016;Renúncia fiscal - Lei do Audiovisual;0.0907189045851056
2017;Execução direta da União (MinC);0.512932658754049
2017;Fundo Setorial do Audiovisual;0.0269557210627232
2017;Renúncia fiscal - Lei Rouanet;0.351956737613377
2017;Renúncia fiscal - Lei do Audiovisual;0.108154882569851
2018;Execução direta da União (MinC);0.518031010386258
2018;Fundo Setorial do Audiovisual;0.025799659613015
2018;Renúncia fiscal - Lei Rouanet;0.354187671695882
2018;Renúncia fiscal - Lei do Audiovisual;0.101981658304845
2019;Execução direta da União (Cidadania/Turismo);0.477672154227626
2019;Fundo Setorial do Audiovisual;0.0139709145742439
2019;Renúncia fiscal - Lei Rouanet;0.420135916980304
2019;Renúncia fiscal - Lei do Audiovisual;0.088221014217826
2020;Execução direta da União (Cidadania/Turismo);0.203170952883698
2020;Fundo Setorial do Audiovisual;0.0174455926572912
2020;Lei Aldir Blanc (LAB);0.522354125420651
2020;Renúncia fiscal - Lei Rouanet;0.222804665042209
2020;Renúncia fiscal - Lei do Audiovisual;0.0342246639961514
2021;Execução direta da União (Cidadania/Turismo);0.404349503894644
2021;Fundo Setorial do Audiovisual;0.0257453376619871
2021;Renúncia fiscal - Lei Rouanet;0.501786357654797
2021;Renúncia fiscal - Lei do Audiovisual;0.0681188007885713
2022;Execução direta da União (Cidadania/Turismo);0.314749604626161
2022;Fundo Setorial do Audiovisual;0.029095036484133
2022;Renúncia fiscal - Lei Rouanet;0.506015916156145
2022;Renúncia fiscal - Lei do Audiovisual;0.15013944273356
2023;Execução direta da União (MinC);0.245029740973796
2023;Fundo Setorial do Audiovisual;0.0126331158253126
2023;Lei Paulo Gustavo (LPG);0.307679920673972
2023;Política Nacional Aldir Blanc (PNAB);0.23900563490987
2023;Renúncia fiscal - Lei Rouanet;0.165677616811506
2023;Renúncia fiscal - Lei do Audiovisual;0.0299739708055431
2024;Execução direta da União (MinC);0.409250525866258
2024;Fundo Setorial do Audiovisual;0.0656421460860928
2024;Política Nacional Aldir Blanc (PNAB);0.00173165298206167
2024;Renúncia fiscal - Lei Rouanet;0.480471855872305
2024;Renúncia fiscal - Lei do Audiovisual;0.042903819193282
2025;Execução direta da União (MinC);0.3347239924819
2025;Fundo Setorial do Audiovisual;0.031925457313655
2025;Política Nacional Aldir Blanc (PNAB);0.264246116059211
2025;Renúncia fiscal - Lei Rouanet;0.318415561463016
2025;Renúncia fiscal - Lei do Audiovisual;0.0506888726822183
