ano_exercicio;percentual_rcl
2003;0.00122211181528393
2004;0.00150824511110708
2005;0.0017907821994746
2006;0.00191791546299174
2007;0.0021572808483667
2008;0.00230935125326168
2009;0.0028023731709008
2010;0.00300256942661642
2011;0.00304144585470181
2012;0.00331553564740339
2013;0.00387686739320981
2014;0.00308497445347563
2015;0.00299882215009284
2016;0.00295932980912958
2017;0.00286417832400835
2018;0.00272206980184446
2019;0.00200109543971958
2020;0.00654512721318011
2021;0.00118706874086699
2022;0.00099225898841356
2023;0.00505318175621158
2024;0.00207947186077288
2025;0.00358907268258656
